date,hour,time_buy_count,time_cart_count,time_fav_count,time_pv_count,time_total_interaction_count,time_fav_rate,time_cart_rate,time_buy_rate,day_of_week,is_weekend,is_workday,is_peak_hour,days_to_double12,is_double12_period
2025-11-18,0,115,383,201,13020,13719,0.01543778801843318,0.029416282642089092,0.008832565284178187,1,0,1,0,24,0
2025-11-18,1,35,181,178,6800,7194,0.026176470588235294,0.02661764705882353,0.005147058823529412,1,0,1,0,24,0
2025-11-18,2,29,158,151,5005,5343,0.03016983016983017,0.03156843156843157,0.005794205794205794,1,0,1,0,24,0
2025-11-18,3,13,86,74,3313,3486,0.022336251131904617,0.025958345910051313,0.00392393600965892,1,0,1,0,24,0
2025-11-18,4,6,36,83,2657,2782,0.0312382386149793,0.013549115543846444,0.002258185923974407,1,0,1,0,24,0
2025-11-18,5,14,92,88,3025,3219,0.02909090909090909,0.030413223140495868,0.004628099173553719,1,0,1,0,24,0
2025-11-18,6,24,93,74,4423,4614,0.016730725751752204,0.02102645263395885,0.005426181324892607,1,0,1,0,24,0
2025-11-18,7,50,180,137,8533,8900,0.016055314660728934,0.02109457400679714,0.005859603890776983,1,0,1,0,24,0
2025-11-18,8,124,249,206,10193,10772,0.020209948003531836,0.02442852938290984,0.012165211419601687,1,0,1,0,24,0
2025-11-18,9,185,405,349,14154,15093,0.024657340681079554,0.028613819415006358,0.013070510103151052,1,0,1,0,24,0
2025-11-18,10,215,461,278,15057,16011,0.018463173274888757,0.03061698877598459,0.014279072856478715,1,0,1,0,24,0
2025-11-18,11,250,394,339,13958,14941,0.02428714715575297,0.028227539762143573,0.017910875483593637,1,0,1,0,24,0
2025-11-18,12,221,434,311,15134,16100,0.020549755517378088,0.028677150786308975,0.014602880930355491,1,0,1,0,24,0
2025-11-18,13,310,607,344,17109,18370,0.020106376760769186,0.035478403179613066,0.018119118592553628,1,0,1,0,24,0
2025-11-18,14,207,533,452,18823,20015,0.024013175370557298,0.02831642139935186,0.010997184295808319,1,0,1,0,24,0
2025-11-18,15,196,471,391,17490,18548,0.022355631789594054,0.02692967409948542,0.011206403659233848,1,0,1,0,24,0
2025-11-18,16,206,525,291,16921,17943,0.017197565155723658,0.031026535074759175,0.012174221381715028,1,0,1,0,24,0
2025-11-18,17,142,491,278,14784,15695,0.018804112554112556,0.03321158008658009,0.009604978354978354,1,0,1,0,24,0
2025-11-18,18,170,436,259,15544,16409,0.01666237776634071,0.028049408131755018,0.010936695831188883,1,0,1,0,24,0
2025-11-18,19,189,557,354,20418,21518,0.017337643255950632,0.02727985111176413,0.009256538348516015,1,0,1,0,24,0
2025-11-18,20,221,781,498,26508,28008,0.01878678134902671,0.02946280368190735,0.008337105779387354,1,0,1,1,24,0
2025-11-18,21,292,930,665,31939,33826,0.02082093991671624,0.02911800619931745,0.009142427752903973,1,0,1,1,24,0
2025-11-18,22,305,1007,439,29213,30964,0.015027556224968337,0.034470954711943315,0.010440557286139733,1,0,1,1,24,0
2025-11-18,23,211,722,464,21834,23231,0.02125125950352661,0.03306769258953925,0.009663827058715765,1,0,1,1,24,0
2025-11-19,0,58,336,317,12737,13448,0.02488812122163775,0.02637983826646777,0.004553662557902175,2,0,1,0,23,0
2025-11-19,1,47,178,155,6083,6463,0.02548084826565839,0.029261877363143184,0.007726450764425448,2,0,1,0,23,0
2025-11-19,2,12,88,76,3292,3468,0.023086269744835967,0.026731470230862697,0.0036452004860267314,2,0,1,0,23,0
2025-11-19,3,28,111,77,2785,3001,0.027648114901256734,0.03985637342908438,0.010053859964093357,2,0,1,0,23,0
2025-11-19,4,6,33,87,2216,2342,0.03925992779783394,0.014891696750902527,0.002707581227436823,2,0,1,0,23,0
2025-11-19,5,20,81,53,2884,3038,0.018377253814147017,0.02808599167822469,0.006934812760055479,2,0,1,0,23,0
2025-11-19,6,21,172,130,4962,5285,0.026199113260781944,0.03466344216041919,0.004232164449818622,2,0,1,0,23,0
2025-11-19,7,53,225,199,8482,8959,0.023461447771751947,0.026526762556000942,0.006248526290969111,2,0,1,0,23,0
2025-11-19,8,105,295,215,11492,12107,0.01870866689871215,0.025670031326139923,0.009136790810998956,2,0,1,0,23,0
2025-11-19,9,171,429,297,13716,14613,0.021653543307086614,0.03127734033245844,0.012467191601049869,2,0,1,0,23,0
2025-11-19,10,280,464,410,14397,15551,0.028478155171216227,0.032228936584010555,0.01944849621448913,2,0,1,0,23,0
2025-11-19,11,222,469,362,15837,16890,0.022857864494538107,0.029614194607564565,0.01401780640272779,2,0,1,0,23,0
2025-11-19,12,230,510,314,16157,17211,0.019434300922200904,0.031565265829052426,0.014235315962121681,2,0,1,0,23,0
2025-11-19,13,293,540,361,18116,19310,0.019927136233164056,0.029807904614705234,0.016173548244645616,2,0,1,0,23,0
2025-11-19,14,222,548,426,16997,18193,0.02506324645525681,0.03224098370300641,0.013061128434429605,2,0,1,0,23,0
2025-11-19,15,232,509,310,16828,17879,0.018421678155455194,0.03024720703589256,0.013786546232469693,2,0,1,0,23,0
2025-11-19,16,246,452,386,15771,16855,0.02447530277090863,0.028660199099613214,0.01559824995244436,2,0,1,0,23,0
2025-11-19,17,190,381,284,12009,12864,0.023648929969189773,0.03172620534599051,0.015821467232908653,2,0,1,0,23,0
2025-11-19,18,121,414,292,14895,15722,0.019603893924135616,0.027794561933534745,0.008123531386371266,2,0,1,0,23,0
2025-11-19,19,186,558,460,21131,22335,0.021768965027684446,0.026406701055321564,0.00880223368510719,2,0,1,0,23,0
2025-11-19,20,204,764,431,25159,26558,0.017131046543980285,0.030366866727612386,0.00810843038276561,2,0,1,1,23,0
2025-11-19,21,284,819,563,31342,33008,0.017963116584774425,0.02613107012953864,0.0090613234637228,2,0,1,1,23,0
2025-11-19,22,257,895,524,29442,31118,0.017797703960328783,0.03039875008491271,0.008729026560695605,2,0,1,1,23,0
2025-11-19,23,198,844,423,21140,22605,0.020009460737937558,0.039924314096499526,0.009366130558183538,2,0,1,1,23,0
2025-11-20,0,107,479,247,12212,13045,0.02022600720602686,0.03922371437929905,0.008761873566983295,3,0,1,0,22,0
2025-11-20,1,45,212,130,6588,6975,0.01973284760170006,0.03217972070431087,0.006830601092896175,3,0,1,0,22,0
2025-11-20,2,24,146,63,3533,3766,0.017831870931219927,0.04132465326917634,0.006793093688083782,3,0,1,0,22,0
2025-11-20,3,19,93,48,2443,2603,0.019647973802701595,0.03806794924273434,0.007777322963569382,3,0,1,0,22,0
2025-11-20,4,10,122,43,2453,2628,0.017529555646147575,0.049735018344883815,0.0040766408479412965,3,0,1,0,22,0
2025-11-20,5,10,52,37,2312,2411,0.016003460207612456,0.02249134948096886,0.004325259515570935,3,0,1,0,22,0
2025-11-20,6,19,121,97,4270,4507,0.02271662763466042,0.028337236533957845,0.004449648711943794,3,0,1,0,22,0
2025-11-20,7,48,219,171,8170,8608,0.020930232558139535,0.026805385556915546,0.00587515299877601,3,0,1,0,22,0
2025-11-20,8,96,251,251,11049,11647,0.022716987962711557,0.022716987962711557,0.008688569101276133,3,0,1,0,22,0
2025-11-20,9,159,383,289,13381,14212,0.021597787908228083,0.028622673940662133,0.01188251999103206,3,0,1,0,22,0
2025-11-20,10,245,461,381,14907,15994,0.025558462467297243,0.03092506875964312,0.016435231770309252,3,0,1,0,22,0
2025-11-20,11,221,416,466,14072,15175,0.03311540648095509,0.029562251279135872,0.015704945992040933,3,0,1,0,22,0
2025-11-20,12,197,443,230,14831,15701,0.015508057447238892,0.029869867170116648,0.013282988335243747,3,0,1,0,22,0
2025-11-20,13,187,452,374,16802,17815,0.022259254850613024,0.026901559338174025,0.011129627425306512,3,0,1,0,22,0
2025-11-20,14,266,543,362,17711,18882,0.02043927502681949,0.030658912540229236,0.015018914798712665,3,0,1,0,22,0
2025-11-20,15,216,595,248,17126,18185,0.014480906224454046,0.0347424967885087,0.012612402195492234,3,0,1,0,22,0
2025-11-20,16,187,484,375,15847,16893,0.023663784943522434,0.030542058433772955,0.011800340758503187,3,0,1,0,22,0
2025-11-20,17,171,451,405,14216,15243,0.028489026449071468,0.031724817107484524,0.01202870005627462,3,0,1,0,22,0
2025-11-20,18,187,396,323,14555,15461,0.02219168670559945,0.02720714531088973,0.01284781861903126,3,0,1,0,22,0
2025-11-20,19,170,534,422,19672,20798,0.02145180967873119,0.02714518096787312,0.008641724278161855,3,0,1,0,22,0
2025-11-20,20,216,711,464,26053,27444,0.017809849153648333,0.02729052316431889,0.008290791847388016,3,0,1,1,22,0
2025-11-20,21,272,780,603,29696,31351,0.020305765086206896,0.02626616379310345,0.009159482758620689,3,0,1,1,22,0
2025-11-20,22,241,936,569,28606,30352,0.0198909319723135,0.0327204083059498,0.008424805984758442,3,0,1,1,22,0
2025-11-20,23,149,728,569,22287,23733,0.02553057836406874,0.03266478216000359,0.006685511733297438,3,0,1,1,22,0
2025-11-21,0,93,452,362,13969,14876,0.025914525019686448,0.03235736273176319,0.006657598969145966,4,0,1,0,21,0
2025-11-21,1,26,173,147,6604,6950,0.02225923682616596,0.026196244700181708,0.003937007874015748,4,0,1,0,21,0
2025-11-21,2,21,94,76,3447,3638,0.022048157818392804,0.027270089933275312,0.006092254134029591,4,0,1,0,21,0
2025-11-21,3,10,41,79,2502,2632,0.03157474020783373,0.016386890487609912,0.003996802557953637,4,0,1,0,21,0
2025-11-21,4,5,52,98,2096,2251,0.046755725190839696,0.02480916030534351,0.002385496183206107,4,0,1,0,21,0
2025-11-21,5,5,35,78,2265,2383,0.03443708609271523,0.01545253863134658,0.002207505518763797,4,0,1,0,21,0
2025-11-21,6,25,113,125,4580,4843,0.027292576419213975,0.024672489082969432,0.0054585152838427945,4,0,1,0,21,0
2025-11-21,7,38,160,154,8139,8491,0.018921243395994596,0.01965843469713724,0.004668878240570095,4,0,1,0,21,0
2025-11-21,8,89,244,180,9843,10356,0.01828710758914965,0.02478919028751397,0.009041958752412883,4,0,1,0,21,0
2025-11-21,9,124,311,266,12056,12757,0.022063702720637027,0.02579628400796284,0.01028533510285335,4,0,1,0,21,0
2025-11-21,10,207,404,320,14659,15590,0.021829592741660412,0.027559860836346272,0.01412101780476158,4,0,1,0,21,0
2025-11-21,11,206,400,282,13806,14694,0.020425901781833986,0.02897291032884253,0.014921048819353903,4,0,1,0,21,0
2025-11-21,12,169,348,250,13734,14501,0.018202999854376,0.025338575797291395,0.012305227901558177,4,0,1,0,21,0
2025-11-21,13,220,397,242,14579,15438,0.01659921805336443,0.027230948624734207,0.015090198230331298,4,0,1,0,21,0
2025-11-21,14,199,439,367,15634,16639,0.023474478700268645,0.02807982602021236,0.01272866828706665,4,0,1,0,21,0
2025-11-21,15,167,444,344,15817,16772,0.02174875134349118,0.02807106278055257,0.010558260099892521,4,0,1,0,21,0
2025-11-21,16,160,422,312,14212,15106,0.02195327891922319,0.02969321699971855,0.01125809175344779,4,0,1,0,21,0
2025-11-21,17,115,374,357,13750,14596,0.025963636363636362,0.0272,0.008363636363636363,4,0,1,0,21,0
2025-11-21,18,151,447,298,14010,14906,0.021270521056388294,0.03190578158458244,0.010778015703069237,4,0,1,0,21,0
2025-11-21,19,159,422,396,18710,19687,0.021165152324959916,0.02255478353821486,0.00849812934259754,4,0,1,0,21,0
2025-11-21,20,219,588,450,23349,24606,0.01927277399460362,0.025183091352948734,0.009379416677373763,4,0,1,1,21,0
2025-11-21,21,208,725,643,25866,27442,0.024858888115673085,0.02802907291425037,0.008041444367122863,4,0,1,1,21,0
2025-11-21,22,252,806,548,27553,29159,0.01988894131310565,0.029252712953217436,0.009146009508946394,4,0,1,1,21,0
2025-11-21,23,153,788,458,23392,24791,0.019579343365253077,0.03368673050615595,0.006540697674418605,4,0,1,1,21,0
2025-11-22,0,84,379,291,13695,14449,0.021248630887185104,0.027674333698430083,0.006133625410733845,5,1,0,0,20,0
2025-11-22,1,39,228,175,6921,7363,0.025285363386793817,0.0329432162982228,0.005635023840485479,5,1,0,0,20,0
2025-11-22,2,12,67,107,3768,3954,0.028397027600849258,0.01778131634819533,0.0031847133757961785,5,1,0,0,20,0
2025-11-22,3,19,57,73,2981,3130,0.024488426702448843,0.01912110030191211,0.00637370010063737,5,1,0,0,20,0
2025-11-22,4,10,61,114,2305,2490,0.04945770065075922,0.026464208242950107,0.004338394793926247,5,1,0,0,20,0
2025-11-22,5,16,92,105,3201,3414,0.03280224929709466,0.02874101843174008,0.00499843798812871,5,1,0,0,20,0
2025-11-22,6,33,151,256,6282,6722,0.04075135307226998,0.024036930913721746,0.0052531041069723014,5,1,0,0,20,0
2025-11-22,7,50,253,224,9806,10333,0.022843157250662858,0.025800530287579032,0.005098919029165817,5,1,0,0,20,0
2025-11-22,8,73,282,269,11726,12350,0.022940474159986356,0.02404912161009722,0.006225481835237933,5,1,0,0,20,0
2025-11-22,9,127,344,252,12343,13066,0.02041643036538929,0.02787004780037268,0.010289232763509681,5,1,0,0,20,0
2025-11-22,10,165,427,216,14378,15186,0.01502295173181249,0.02969814995131451,0.011475865906245653,5,1,0,0,20,0
2025-11-22,11,216,462,263,14014,14955,0.01876694733837591,0.03296703296703297,0.015413158270301127,5,1,0,0,20,0
2025-11-22,12,184,427,367,13940,14918,0.026327116212338592,0.030631276901004305,0.013199426111908177,5,1,0,0,20,0
2025-11-22,13,278,490,306,16102,17176,0.01900385045335983,0.030431002359955286,0.01726493603279096,5,1,0,0,20,0
2025-11-22,14,222,586,335,16090,17233,0.020820385332504663,0.03642013673088875,0.01379738968303294,5,1,0,0,20,0
2025-11-22,15,308,496,334,17123,18261,0.019505927699585354,0.028966886643695615,0.017987502190036794,5,1,0,0,20,0
2025-11-22,16,281,513,357,16891,18042,0.021135515955242438,0.030371203599550055,0.016636078384938725,5,1,0,0,20,0
2025-11-22,17,181,427,316,15030,15954,0.02102461743180306,0.028409846972721225,0.012042581503659349,5,1,0,0,20,0
2025-11-22,18,180,470,236,14184,15070,0.016638465877044557,0.033135927805978564,0.012690355329949238,5,1,0,0,20,0
2025-11-22,19,123,538,392,20053,21106,0.01954819727721538,0.02682890340597417,0.006133745574228295,5,1,0,0,20,0
2025-11-22,20,224,709,552,26191,27676,0.021075942117521285,0.02707036768355542,0.008552556221602841,5,1,0,1,20,0
2025-11-22,21,282,915,487,29310,30994,0.016615489593995225,0.031218014329580348,0.00962128966223132,5,1,0,1,20,0
2025-11-22,22,267,842,640,30912,32661,0.020703933747412008,0.027238612836438924,0.008637422360248448,5,1,0,1,20,0
2025-11-22,23,196,754,585,23317,24852,0.025088990865034095,0.03233692155937728,0.008405884118883218,5,1,0,1,20,0
2025-11-23,0,96,439,254,14518,15307,0.01749552279928365,0.030238324838131974,0.006612481057996969,6,1,0,0,19,0
2025-11-23,1,35,224,183,7798,8240,0.02346755578353424,0.02872531418312388,0.004488330341113106,6,1,0,0,19,0
2025-11-23,2,24,124,147,4466,4761,0.032915360501567396,0.027765338110165697,0.005373936408419167,6,1,0,0,19,0
2025-11-23,3,15,73,61,3551,3700,0.017178259645170373,0.0205575894114334,0.00422416220782878,6,1,0,0,19,0
2025-11-23,4,10,81,43,2317,2451,0.01855848079413034,0.03495899870522227,0.0043159257660768235,6,1,0,0,19,0
2025-11-23,5,7,77,16,2056,2156,0.007782101167315175,0.03745136186770428,0.003404669260700389,6,1,0,0,19,0
2025-11-23,6,28,130,74,4815,5047,0.015368639667705089,0.02699896157840083,0.005815160955347871,6,1,0,0,19,0
2025-11-23,7,31,192,246,10024,10493,0.024541101356743814,0.019154030327214685,0.0030925778132482045,6,1,0,0,19,0
2025-11-23,8,102,398,356,14137,14993,0.025182146141331258,0.028153073495083822,0.007215109287684799,6,1,0,0,19,0
2025-11-23,9,176,392,488,14436,15492,0.03380437794402882,0.02715433638126905,0.012191742865059573,6,1,0,0,19,0
2025-11-23,10,199,448,397,15373,16417,0.025824497495609184,0.02914200221166981,0.012944773303844402,6,1,0,0,19,0
2025-11-23,11,167,453,322,16442,17384,0.019583992215058996,0.02755139277460163,0.010156915217126871,6,1,0,0,19,0
2025-11-23,12,218,395,349,14604,15566,0.023897562311695427,0.027047384278279924,0.014927417145987401,6,1,0,0,19,0
2025-11-23,13,196,445,339,17049,18029,0.0198838641562555,0.026101237609243943,0.01149627544137486,6,1,0,0,19,0
2025-11-23,14,153,422,313,16620,17508,0.018832731648616124,0.02539109506618532,0.0092057761732852,6,1,0,0,19,0
2025-11-23,15,200,478,418,17696,18792,0.023621157323688968,0.027011754068716094,0.011301989150090416,6,1,0,0,19,0
2025-11-23,16,176,569,319,17773,18837,0.01794857367917628,0.03201485399201035,0.009902661340235187,6,1,0,0,19,0
2025-11-23,17,144,456,281,14615,15496,0.01922682175846733,0.031200821074238796,0.009852890865549094,6,1,0,0,19,0
2025-11-23,18,182,413,355,15813,16763,0.02244988300765193,0.02611775121735281,0.011509517485613104,6,1,0,0,19,0
2025-11-23,19,231,650,471,23015,24367,0.020464914186400174,0.02824245057571149,0.010036932435368238,6,1,0,0,19,0
2025-11-23,20,246,823,495,28053,29617,0.017645171639396856,0.029337325776209316,0.008769115602609347,6,1,0,1,19,0
2025-11-23,21,260,801,600,32121,33782,0.018679368637340057,0.024936957130848977,0.008094393076180692,6,1,0,1,19,0
2025-11-23,22,260,1049,627,31058,32994,0.020188035288814476,0.033775516775066,0.008371434091055445,6,1,0,1,19,0
2025-11-23,23,191,900,548,22871,24510,0.02396047396266014,0.03935114336933234,0.008351187092824975,6,1,0,1,19,0
2025-11-24,0,74,327,313,14523,15237,0.02155202093231426,0.022516009089031192,0.005095365971218068,0,0,1,0,18,0
2025-11-24,1,34,170,218,7394,7816,0.029483364890451717,0.022991614822829323,0.004598322964565864,0,0,1,0,18,0
2025-11-24,2,40,141,120,4644,4945,0.025839793281653745,0.030361757105943153,0.008613264427217916,0,0,1,0,18,0
2025-11-24,3,12,92,84,3061,3249,0.02744201241424371,0.030055537406076447,0.003920287487749101,0,0,1,0,18,0
2025-11-24,4,5,205,49,2195,2454,0.02232346241457859,0.09339407744874716,0.002277904328018223,0,0,1,0,18,0
2025-11-24,5,13,84,49,2292,2438,0.02137870855148342,0.03664921465968586,0.005671902268760907,0,0,1,0,18,0
2025-11-24,6,28,82,74,4226,4410,0.017510648367250355,0.019403691433980123,0.006625650733554188,0,0,1,0,18,0
2025-11-24,7,42,205,111,7857,8215,0.014127529591447117,0.02609138347969963,0.005345551737304314,0,0,1,0,18,0
2025-11-24,8,72,253,178,9884,10387,0.018008903278025092,0.025596924322136786,0.007284500202347228,0,0,1,0,18,0
2025-11-24,9,192,322,281,12645,13440,0.022222222222222223,0.0254646105179913,0.015183867141162514,0,0,1,0,18,0
2025-11-24,10,228,565,260,15317,16370,0.01697460338186329,0.03688711888751061,0.014885421427172424,0,0,1,0,18,0
2025-11-24,11,193,503,329,16378,17403,0.020087922823299548,0.03071193063866162,0.011784100622786665,0,0,1,0,18,0
2025-11-24,12,165,440,317,16825,17747,0.018841010401188706,0.026151560178306093,0.009806835066864784,0,0,1,0,18,0
2025-11-24,13,211,689,351,18691,19942,0.018779091541383554,0.03686266117382698,0.011288855598951366,0,0,1,0,18,0
2025-11-24,14,211,561,416,17962,19150,0.02316000445384701,0.0312326021601158,0.011747021489811825,0,0,1,0,18,0
2025-11-24,15,266,505,437,18316,19524,0.023858921161825725,0.027571522166411882,0.014522821576763486,0,0,1,0,18,0
2025-11-24,16,235,518,324,16526,17603,0.019605470168219775,0.031344547984993344,0.01422001694299891,0,0,1,0,18,0
2025-11-24,17,165,344,303,14626,15438,0.020716532202926297,0.0235197593326952,0.011281279912484616,0,0,1,0,18,0
2025-11-24,18,144,408,265,15704,16521,0.016874681609780947,0.02598064187468161,0.009169638308711156,0,0,1,0,18,0
2025-11-24,19,190,591,390,22091,23262,0.0176542483364266,0.02675297632520031,0.008600787651079625,0,0,1,0,18,0
2025-11-24,20,222,776,567,27983,29548,0.020262302111996568,0.027731122467212235,0.007933388128506594,0,0,1,1,18,0
2025-11-24,21,260,857,650,31519,33286,0.020622481677718203,0.02718994891969923,0.008248992671087281,0,0,1,1,18,0
2025-11-24,22,241,955,682,31565,33443,0.02160620940915571,0.030255029304609535,0.007635038808807223,0,0,1,1,18,0
2025-11-24,23,183,798,565,24968,26514,0.022628965075296378,0.03196090996475489,0.007329381608458827,0,0,1,1,18,0
2025-11-25,0,59,337,267,13864,14527,0.01925851125216388,0.024307559145989612,0.004255626081938834,1,0,1,0,17,0
2025-11-25,1,22,150,123,6714,7009,0.01831992850759607,0.022341376228775692,0.0032767351802204347,1,0,1,0,17,0
2025-11-25,2,15,131,92,4101,4339,0.02243355279200195,0.031943428432089735,0.0036576444769568397,1,0,1,0,17,0
2025-11-25,3,5,67,45,2380,2497,0.018907563025210083,0.02815126050420168,0.0021008403361344537,1,0,1,0,17,0
2025-11-25,4,3,67,55,1946,2071,0.02826310380267215,0.03442959917780062,0.001541623843782117,1,0,1,0,17,0
2025-11-25,5,13,48,57,2501,2619,0.022790883646541384,0.01919232307077169,0.005197920831667333,1,0,1,0,17,0
2025-11-25,6,22,82,124,4399,4627,0.028188224596499206,0.018640600136394635,0.005001136621959537,1,0,1,0,17,0
2025-11-25,7,47,175,183,8194,8599,0.0223334146936783,0.02135709055406395,0.005735904320234317,1,0,1,0,17,0
2025-11-25,8,102,360,301,11769,12532,0.025575664882317953,0.03058883507519755,0.008666836604639306,1,0,1,0,17,0
2025-11-25,9,174,373,306,13362,14215,0.022900763358778626,0.027914982787007932,0.013022002694207453,1,0,1,0,17,0
2025-11-25,10,180,429,346,15322,16277,0.02258190836705391,0.0279989557499021,0.011747813601357526,1,0,1,0,17,0
2025-11-25,11,227,446,340,16092,17105,0.021128511061396966,0.027715635098185434,0.014106388267462093,1,0,1,0,17,0
2025-11-25,12,221,512,339,18115,19187,0.018713773116202044,0.028263869721225503,0.012199834391388352,1,0,1,0,17,0
2025-11-25,13,231,558,466,18566,19821,0.025099644511472584,0.030054939136055156,0.012442098459549715,1,0,1,0,17,0
2025-11-25,14,215,440,379,16191,17225,0.02340806620962263,0.02717559137792601,0.013278982150577481,1,0,1,0,17,0
2025-11-25,15,207,568,345,16931,18051,0.020376823578052095,0.03354792983285099,0.012226094146831257,1,0,1,0,17,0
2025-11-25,16,216,423,333,16015,16987,0.020793006556353417,0.02641273805807056,0.013487355604121136,1,0,1,0,17,0
2025-11-25,17,158,437,294,14804,15693,0.01985949743312618,0.029519048905701162,0.010672791137530398,1,0,1,0,17,0
2025-11-25,18,172,412,311,15815,16710,0.01966487511855833,0.02605121719886184,0.010875750869427759,1,0,1,0,17,0
2025-11-25,19,253,711,432,20732,22128,0.020837352884429866,0.03429480995562416,0.012203357129075824,1,0,1,0,17,0
2025-11-25,20,243,625,530,24942,26340,0.021249298372223557,0.02505813487290514,0.009742602838585518,1,0,1,1,17,0
2025-11-25,21,250,814,665,30732,32461,0.021638682806195495,0.026487049329688924,0.008134843160223872,1,0,1,1,17,0
2025-11-25,22,250,938,608,31867,33663,0.019079298333699438,0.029434838547713935,0.007845106222738256,1,0,1,1,17,0
2025-11-25,23,179,788,551,24038,25556,0.02292204010316998,0.03278142940344455,0.007446542973625093,1,0,1,1,17,0
2025-11-26,0,142,445,404,13925,14916,0.029012567324955118,0.03195691202872531,0.010197486535008977,2,0,1,0,16,0
2025-11-26,1,42,214,201,7480,7937,0.026871657754010694,0.0286096256684492,0.005614973262032086,2,0,1,0,16,0
2025-11-26,2,20,92,102,3927,4141,0.025974025974025976,0.023427552839317547,0.005092946269416858,2,0,1,0,16,0
2025-11-26,3,8,71,63,2807,2949,0.022443890274314215,0.025293908086925544,0.0028500178126113287,2,0,1,0,16,0
2025-11-26,4,18,89,55,2404,2566,0.022878535773710483,0.0370216306156406,0.0074875207986688855,2,0,1,0,16,0
2025-11-26,5,12,111,69,2891,3083,0.023867173988239364,0.038395019024558975,0.0041508128675198895,2,0,1,0,16,0
2025-11-26,6,52,109,129,4451,4741,0.028982251179510223,0.024488878903617166,0.01168276791732195,2,0,1,0,16,0
2025-11-26,7,55,178,189,7958,8380,0.02374968585071626,0.022367429002261876,0.0069112842422719275,2,0,1,0,16,0
2025-11-26,8,140,253,169,10862,11424,0.015558828944945683,0.023292211379119868,0.012888970723623642,2,0,1,0,16,0
2025-11-26,9,156,326,239,13347,14068,0.017906645688169628,0.024424964411478234,0.011688019779725781,2,0,1,0,16,0
2025-11-26,10,195,394,314,14968,15871,0.02097808658471406,0.026322822020309996,0.0130277926242651,2,0,1,0,16,0
2025-11-26,11,179,382,313,13617,14491,0.022985973415583463,0.028053168833076302,0.013145333039582874,2,0,1,0,16,0
2025-11-26,12,193,383,251,15348,16175,0.016353922335157676,0.02495439145165494,0.012574928329424029,2,0,1,0,16,0
2025-11-26,13,237,395,302,16024,16958,0.018846729905142287,0.02465052421367948,0.014790314528207688,2,0,1,0,16,0
2025-11-26,14,209,430,345,15525,16509,0.022222222222222223,0.027697262479871174,0.013462157809983897,2,0,1,0,16,0
2025-11-26,15,225,404,345,15668,16642,0.0220194026040337,0.025785039571100333,0.014360479959152413,2,0,1,0,16,0
2025-11-26,16,194,392,370,15672,16628,0.023608984175599795,0.025012761613067893,0.012378764675855029,2,0,1,0,16,0
2025-11-26,17,174,407,362,13378,14321,0.027059351173568544,0.030423082673045297,0.013006428464643444,2,0,1,0,16,0
2025-11-26,18,176,401,402,15953,16932,0.02519902212749953,0.02513633799285401,0.011032407697611735,2,0,1,0,16,0
2025-11-26,19,205,525,359,19204,20293,0.018694022078733597,0.027338054571964174,0.010674859404290773,2,0,1,0,16,0
2025-11-26,20,247,714,568,27647,29176,0.02054472456324375,0.02582558686295077,0.00893406156183311,2,0,1,1,16,0
2025-11-26,21,284,919,572,31814,33589,0.017979505877915383,0.028886653674482933,0.008926887533790156,2,0,1,1,16,0
2025-11-26,22,233,949,554,31903,33639,0.017365138074789205,0.029746418832084755,0.007303388396075604,2,0,1,1,16,0
2025-11-26,23,177,795,647,23848,25467,0.027130157665213015,0.033336128815833616,0.0074220060382422,2,0,1,1,16,0
2025-11-27,0,75,368,446,15357,16246,0.029042130624470926,0.023963013609428926,0.004883766360617308,3,0,1,0,15,0
2025-11-27,1,29,175,168,6831,7203,0.024593763724198508,0.025618503879373443,0.004245352071439028,3,0,1,0,15,0
2025-11-27,2,6,88,125,4014,4233,0.03114100647732935,0.02192326856003986,0.0014947683109118087,3,0,1,0,15,0
2025-11-27,3,12,110,92,3376,3590,0.027251184834123223,0.032582938388625596,0.0035545023696682463,3,0,1,0,15,0
2025-11-27,4,6,98,107,3100,3311,0.034516129032258064,0.031612903225806455,0.001935483870967742,3,0,1,0,15,0
2025-11-27,5,5,68,54,2693,2820,0.02005198663200891,0.02525064983290011,0.001856665428889714,3,0,1,0,15,0
2025-11-27,6,19,111,89,4762,4981,0.01868962620747585,0.023309533809323813,0.003989920201595968,3,0,1,0,15,0
2025-11-27,7,45,194,149,8326,8714,0.017895748258467452,0.02330050444391064,0.00540475618544319,3,0,1,0,15,0
2025-11-27,8,161,283,195,10504,11143,0.018564356435643563,0.02694211728865194,0.015327494287890327,3,0,1,0,15,0
2025-11-27,9,183,336,362,14455,15336,0.025043237634036666,0.02324455205811138,0.012659979245935662,3,0,1,0,15,0
2025-11-27,10,304,481,428,15852,17065,0.026999747665909665,0.030343174362856423,0.01917739086550593,3,0,1,0,15,0
2025-11-27,11,199,459,327,15822,16807,0.020667425104285174,0.02901023890784983,0.012577423840222476,3,0,1,0,15,0
2025-11-27,12,202,436,280,14686,15604,0.019065776930409915,0.029688138363066868,0.013754596214081437,3,0,1,0,15,0
2025-11-27,13,285,601,407,17340,18633,0.023471741637831604,0.034659746251441755,0.01643598615916955,3,0,1,0,15,0
2025-11-27,14,259,549,407,18236,19451,0.022318490897126564,0.030105286246983987,0.014202676025444177,3,0,1,0,15,0
2025-11-27,15,234,572,420,17659,18885,0.023783906223455463,0.0323914151424203,0.013251033467353757,3,0,1,0,15,0
2025-11-27,16,247,532,350,16419,17548,0.021316767159997564,0.0324014860831963,0.015043547110055424,3,0,1,0,15,0
2025-11-27,17,167,422,309,14005,14903,0.0220635487325955,0.030132095680114244,0.011924312745448055,3,0,1,0,15,0
2025-11-27,18,121,356,305,15256,16038,0.019992134242265338,0.023335081279496593,0.007931305715783954,3,0,1,0,15,0
2025-11-27,19,208,497,405,21658,22768,0.018699787607350634,0.022947640594699416,0.009603841536614645,3,0,1,0,15,0
2025-11-27,20,181,633,392,24972,26178,0.01569758129104597,0.025348390197020662,0.007248117892039084,3,0,1,1,15,0
2025-11-27,21,257,920,586,30515,32278,0.019203670326069146,0.03014910699655907,0.008422087497951827,3,0,1,1,15,0
2025-11-27,22,292,1008,754,30790,32844,0.024488470282559273,0.03273790191620656,0.0094835985709646,3,0,1,1,15,0
2025-11-27,23,173,678,542,23412,24805,0.02315052110029045,0.028959507944643772,0.007389372971125918,3,0,1,1,15,0
2025-11-28,0,101,341,251,13949,14642,0.017994121442397305,0.024446196859989965,0.007240662413076206,4,0,1,0,14,0
2025-11-28,1,37,136,121,6672,6966,0.018135491606714627,0.02038369304556355,0.005545563549160672,4,0,1,0,14,0
2025-11-28,2,20,103,65,3800,3988,0.017105263157894738,0.027105263157894736,0.005263157894736842,4,0,1,0,14,0
2025-11-28,3,22,51,60,2916,3049,0.0205761316872428,0.01748971193415638,0.0075445816186556925,4,0,1,0,14,0
2025-11-28,4,6,44,59,2239,2348,0.026351049575703438,0.01965163019205002,0.0026797677534613666,4,0,1,0,14,0
2025-11-28,5,17,58,77,2285,2437,0.03369803063457331,0.02538293216630197,0.007439824945295405,4,0,1,0,14,0
2025-11-28,6,18,140,174,5192,5524,0.033513097072419104,0.026964560862865947,0.0034668721109399076,4,0,1,0,14,0
2025-11-28,7,49,195,217,8329,8790,0.026053547844879336,0.02341217433065194,0.005883059190779205,4,0,1,0,14,0
2025-11-28,8,56,215,171,9466,9908,0.018064652440312697,0.022712867103317134,0.005915909571096556,4,0,1,0,14,0
2025-11-28,9,168,305,221,11685,12379,0.01891313649978605,0.02610183996576808,0.014377406931964057,4,0,1,0,14,0
2025-11-28,10,209,415,271,14845,15740,0.018255304816436512,0.02795554058605591,0.014078814415628157,4,0,1,0,14,0
2025-11-28,11,175,458,265,13568,14466,0.01953125,0.033755896226415096,0.012897995283018868,4,0,1,0,14,0
2025-11-28,12,184,412,245,14347,15188,0.017076740782045026,0.028716804906949188,0.012824980832229734,4,0,1,0,14,0
2025-11-28,13,207,463,354,16655,17679,0.021254878414890422,0.027799459621735214,0.012428700090063045,4,0,1,0,14,0
2025-11-28,14,183,505,245,15100,16033,0.016225165562913906,0.033443708609271525,0.012119205298013245,4,0,1,0,14,0
2025-11-28,15,211,449,290,15736,16686,0.018429079816980172,0.02853329944077275,0.013408744280630401,4,0,1,0,14,0
2025-11-28,16,204,422,270,14240,15136,0.018960674157303372,0.02963483146067416,0.014325842696629213,4,0,1,0,14,0
2025-11-28,17,186,399,276,13326,14187,0.020711391265195857,0.029941467807294012,0.013957676722197209,4,0,1,0,14,0
2025-11-28,18,163,486,350,15629,16628,0.022394267067630688,0.03109603941391004,0.010429330091496576,4,0,1,0,14,0
2025-11-28,19,195,525,362,19677,20759,0.018397113381104842,0.026680896478121666,0.009910047263302333,4,0,1,0,14,0
2025-11-28,20,203,603,489,22944,24239,0.02131276150627615,0.026281380753138076,0.008847629009762902,4,0,1,1,14,0
2025-11-28,21,197,810,690,27588,29285,0.025010874293170945,0.0293605915615485,0.00714078584891982,4,0,1,1,14,0
2025-11-28,22,248,823,501,28105,29677,0.017826009606831526,0.029283045721401887,0.008824052659669098,4,0,1,1,14,0
2025-11-28,23,159,765,460,23520,24904,0.0195578231292517,0.032525510204081634,0.0067602040816326535,4,0,1,1,14,0
2025-11-29,0,88,317,393,13476,14274,0.029162956366874444,0.02352330068269516,0.006530127634312852,5,1,0,0,13,0
2025-11-29,1,36,201,292,7729,8258,0.037779790399792984,0.026005951610816407,0.004657782378056669,5,1,0,0,13,0
2025-11-29,2,29,170,100,4978,5277,0.020088388911209322,0.034150261149055845,0.005825632784250703,5,1,0,0,13,0
2025-11-29,3,18,101,140,3083,3342,0.0454103146286085,0.03276029841063899,0.005838469023678235,5,1,0,0,13,0
2025-11-29,4,10,39,134,2439,2622,0.05494054940549405,0.015990159901599015,0.004100041000410004,5,1,0,0,13,0
2025-11-29,5,8,69,119,2719,2915,0.043766090474439134,0.025376976829716808,0.002942258183155572,5,1,0,0,13,0
2025-11-29,6,18,130,216,5117,5481,0.042212233730701584,0.02540551104162595,0.0035176861442251317,5,1,0,0,13,0
2025-11-29,7,55,283,235,8418,8991,0.027916369684010452,0.0336184366832977,0.006533618436683298,5,1,0,0,13,0
2025-11-29,8,89,306,291,12523,13209,0.0232372434720115,0.024435039527269824,0.007106923261199393,5,1,0,0,13,0
2025-11-29,9,203,469,306,13470,14448,0.02271714922048998,0.0348181143281366,0.015070527097253155,5,1,0,0,13,0
2025-11-29,10,204,516,277,14645,15642,0.01891430522362581,0.035233868214407646,0.013929668828951861,5,1,0,0,13,0
2025-11-29,11,183,436,321,14544,15484,0.02207095709570957,0.029977997799779978,0.012582508250825082,5,1,0,0,13,0
2025-11-29,12,184,364,234,12997,13779,0.01800415480495499,0.028006463029929984,0.014157113179964606,5,1,0,0,13,0
2025-11-29,13,173,491,282,15299,16245,0.018432577292633506,0.03209360088894699,0.011307928622785802,5,1,0,0,13,0
2025-11-29,14,201,484,273,16320,17278,0.016727941176470588,0.029656862745098038,0.012316176470588235,5,1,0,0,13,0
2025-11-29,15,210,543,246,16804,17803,0.014639371578195668,0.03231373482504166,0.01249702451797191,5,1,0,0,13,0
2025-11-29,16,189,581,294,17178,18242,0.017114914425427872,0.03382233088834556,0.011002444987775062,5,1,0,0,13,0
2025-11-29,17,203,523,224,15355,16305,0.014588082057961575,0.03406056659068707,0.013220449365027679,5,1,0,0,13,0
2025-11-29,18,103,430,243,16131,16907,0.01506416217221499,0.026656747876759035,0.006385221003037629,5,1,0,0,13,0
2025-11-29,19,189,619,386,20227,21421,0.019083403371730853,0.03060265981114352,0.009343946210510703,5,1,0,0,13,0
2025-11-29,20,250,736,527,25055,26568,0.021033725803232886,0.029375374176811016,0.009978048293753742,5,1,0,1,13,0
2025-11-29,21,189,673,512,27585,28959,0.018560812035526553,0.02439731738263549,0.006851549755301794,5,1,0,1,13,0
2025-11-29,22,225,884,577,31505,33191,0.018314553245516584,0.02805903824789716,0.007141723535946675,5,1,0,1,13,0
2025-11-29,23,154,780,592,26530,28056,0.022314361100640785,0.029400678477195626,0.005804749340369393,5,1,0,1,13,0
2025-11-30,0,82,375,352,15488,16297,0.022727272727272728,0.024212293388429753,0.0052944214876033055,6,1,0,0,12,0
2025-11-30,1,43,270,214,8818,9345,0.024268541619414833,0.03061918802449535,0.004876389203901111,6,1,0,0,12,0
2025-11-30,2,14,132,109,5113,5368,0.021318208488167418,0.025816546059065127,0.0027381185214159984,6,1,0,0,12,0
2025-11-30,3,21,100,86,3458,3665,0.024869866975130134,0.02891844997108155,0.006072874493927126,6,1,0,0,12,0
2025-11-30,4,20,45,37,1954,2056,0.018935516888433982,0.02302968270214944,0.01023541453428864,6,1,0,0,12,0
2025-11-30,5,7,48,39,1606,1700,0.024283935242839352,0.029887920298879204,0.0043586550435865505,6,1,0,0,12,0
2025-11-30,6,33,95,78,3836,4042,0.020333680917622523,0.024765380604796664,0.008602711157455683,6,1,0,0,12,0
2025-11-30,7,25,190,195,9192,9602,0.02121409921671018,0.020670147954743257,0.0027197563098346387,6,1,0,0,12,0
2025-11-30,8,69,349,291,13371,14080,0.02176351806147633,0.026101263929399446,0.005160421808391295,6,1,0,0,12,0
2025-11-30,9,208,444,309,15829,16790,0.01952113209931139,0.028049782045612485,0.013140438435782425,6,1,0,0,12,0
2025-11-30,10,231,379,305,15653,16568,0.019485082731744714,0.024212611001086053,0.014757554462403373,6,1,0,0,12,0
2025-11-30,11,149,334,303,13821,14607,0.02192316040807467,0.02416612401418132,0.01078069604225454,6,1,0,0,12,0
2025-11-30,12,176,357,304,14417,15254,0.02108621765970729,0.024762433238537836,0.012207810224041063,6,1,0,0,12,0
2025-11-30,13,196,468,304,16992,17960,0.017890772128060263,0.02754237288135593,0.011534839924670434,6,1,0,0,12,0
2025-11-30,14,220,563,283,18023,19089,0.015702158353215336,0.031237862730954892,0.012206624868223936,6,1,0,0,12,0
2025-11-30,15,202,568,404,19304,20478,0.020928305014504767,0.029423953584749276,0.010464152507252383,6,1,0,0,12,0
2025-11-30,16,224,613,389,19997,21223,0.019452917937690654,0.03065459818972846,0.011201680252037806,6,1,0,0,12,0
2025-11-30,17,166,455,321,15347,16289,0.0209161399622076,0.0296474881084251,0.010816446210985861,6,1,0,0,12,0
2025-11-30,18,178,574,339,17973,19064,0.01886162577199132,0.0319367940800089,0.00990374450564736,6,1,0,0,12,0
2025-11-30,19,222,560,417,22378,23577,0.018634373044954865,0.02502457771025114,0.00992045759227813,6,1,0,0,12,0
2025-11-30,20,288,871,624,28500,30283,0.021894736842105262,0.030561403508771928,0.010105263157894737,6,1,0,1,12,0
2025-11-30,21,319,1027,683,35156,37185,0.019427693708044147,0.02921265217885994,0.009073842302878598,6,1,0,1,12,0
2025-11-30,22,326,1097,652,36843,38918,0.017696713079825205,0.029774991178785657,0.008848356539912602,6,1,0,1,12,0
2025-11-30,23,197,865,748,26370,28180,0.028365566932119834,0.03280242700037922,0.007470610542282897,6,1,0,1,12,0
2025-12-01,0,110,416,442,14777,15745,0.029911348717601677,0.028151857616566286,0.007444000812072816,0,0,1,0,11,0
2025-12-01,1,59,219,206,7433,7917,0.027714247275662587,0.029463204628010223,0.007937575676039284,0,0,1,0,11,0
2025-12-01,2,13,101,52,3464,3630,0.015011547344110854,0.02915704387990762,0.0037528868360277136,0,0,1,0,11,0
2025-12-01,3,12,90,73,2664,2839,0.027402402402402402,0.033783783783783786,0.0045045045045045045,0,0,1,0,11,0
2025-12-01,4,2,47,71,2004,2124,0.035429141716566866,0.023453093812375248,0.000998003992015968,0,0,1,0,11,0
2025-12-01,5,37,107,51,1980,2175,0.025757575757575757,0.05404040404040404,0.018686868686868686,0,0,1,0,11,0
2025-12-01,6,34,109,66,3614,3823,0.018262313226342003,0.03016048699501937,0.009407858328721638,0,0,1,0,11,0
2025-12-01,7,35,226,169,7419,7849,0.02277935031675428,0.030462326459091523,0.004717616929505324,0,0,1,0,11,0
2025-12-01,8,100,271,256,10634,11261,0.02407372578521723,0.0254842956554448,0.009403799134850479,0,0,1,0,11,0
2025-12-01,9,161,401,341,12708,13611,0.026833490714510546,0.03155492603084671,0.012669184765502045,0,0,1,0,11,0
2025-12-01,10,170,501,363,16239,17273,0.02235359320155182,0.030851653426935157,0.010468624915327298,0,0,1,0,11,0
2025-12-01,11,236,569,436,17033,18274,0.0255973698115423,0.03340574179533846,0.01385545705395409,0,0,1,0,11,0
2025-12-01,12,235,518,372,17507,18632,0.021248643399782944,0.02958816473410636,0.013423202147712344,0,0,1,0,11,0
2025-12-01,13,261,603,449,19647,20960,0.022853361836412685,0.030691708657810353,0.013284470911589555,0,0,1,0,11,0
2025-12-01,14,229,510,418,17994,19151,0.023229965544070245,0.028342780926975657,0.01272646437701456,0,0,1,0,11,0
2025-12-01,15,212,572,439,18767,19990,0.02339212447381041,0.0304790323440081,0.011296424575051953,0,0,1,0,11,0
2025-12-01,16,201,454,382,17418,18455,0.021931335400160755,0.026064990239981628,0.011539786427833276,0,0,1,0,11,0
2025-12-01,17,193,540,304,15857,16894,0.019171343885980956,0.03405436085009775,0.01217128082234975,0,0,1,0,11,0
2025-12-01,18,199,396,304,15878,16777,0.01914598815971785,0.024940168787000883,0.01253306461771004,0,0,1,0,11,0
2025-12-01,19,275,590,446,22977,24288,0.019410715062888977,0.025677851764808288,0.011968490229359795,0,0,1,0,11,0
2025-12-01,20,270,900,579,30259,32008,0.01913480286856803,0.029743216894147197,0.008922965068244158,0,0,1,1,11,0
2025-12-01,21,275,1160,635,35201,37271,0.0180392602482884,0.03295360927246385,0.007812278060282379,0,0,1,1,11,0
2025-12-01,22,346,1149,355,34847,36697,0.010187390593164404,0.032972709271960284,0.009929118718971505,0,0,1,1,11,0
2025-12-01,23,244,839,110,25774,26967,0.004267866842554513,0.0325521843718476,0.009466904632575464,0,0,1,1,11,0
2025-12-02,0,64,429,354,16444,17291,0.02152760885429336,0.0260885429335928,0.0038919970810021892,1,0,1,0,10,0
2025-12-02,1,59,230,214,8468,8971,0.025271610769957487,0.0271610769957487,0.006967406707605102,1,0,1,0,10,0
2025-12-02,2,13,94,143,4094,4344,0.03492916463116756,0.022960429897410845,0.0031753786028334147,1,0,1,0,10,0
2025-12-02,3,9,80,69,2719,2877,0.025376976829716808,0.02942258183155572,0.0033100404560500183,1,0,1,0,10,0
2025-12-02,4,9,53,61,2379,2502,0.02564102564102564,0.022278268179907523,0.0037831021437578815,1,0,1,0,10,0
2025-12-02,5,25,66,68,2859,3018,0.02378454004896817,0.023084994753410283,0.008744316194473592,1,0,1,0,10,0
2025-12-02,6,14,115,86,4612,4827,0.0186470078057242,0.024934952298352124,0.003035559410234172,1,0,1,0,10,0
2025-12-02,7,44,178,181,8082,8485,0.022395446671615936,0.02202425142291512,0.00544419698094531,1,0,1,0,10,0
2025-12-02,8,67,255,185,11825,12332,0.015644820295983086,0.02156448202959831,0.005665961945031712,1,0,1,0,10,0
2025-12-02,9,185,464,333,15554,16536,0.02140928378552141,0.02983155458402983,0.011894046547511894,1,0,1,0,10,0
2025-12-02,10,247,567,374,17346,18534,0.021561166839617202,0.03268765133171913,0.014239594142741842,1,0,1,0,10,0
2025-12-02,11,219,514,341,17379,18453,0.01962138212785546,0.02957592496691409,0.012601415501467287,1,0,1,0,10,0
2025-12-02,12,214,516,305,17002,18037,0.017939065992236207,0.030349370662275027,0.012586754499470651,1,0,1,0,10,0
2025-12-02,13,224,553,424,18416,19617,0.023023457862728063,0.03002823631624674,0.01216333622936577,1,0,1,0,10,0
2025-12-02,14,255,588,446,19226,20515,0.023197753042754603,0.030583584729012795,0.013263289295745344,1,0,1,0,10,0
2025-12-02,15,260,665,328,17749,19002,0.01847991436137247,0.03746689954363626,0.014648712603526959,1,0,1,0,10,0
2025-12-02,16,177,612,440,18988,20217,0.02317253001895934,0.032230882662734356,0.009321676848535918,1,0,1,0,10,0
2025-12-02,17,154,432,336,16056,16978,0.02092675635276532,0.026905829596412557,0.009591429995017439,1,0,1,0,10,0
2025-12-02,18,136,450,367,15629,16582,0.023481988610915605,0.02879262908695374,0.008701772346279352,1,0,1,0,10,0
2025-12-02,19,242,683,440,23101,24466,0.019046794511060127,0.029565819661486515,0.01047573698108307,1,0,1,0,10,0
2025-12-02,20,242,969,526,29146,30883,0.018047073354834284,0.033246414602346806,0.008303026144239346,1,0,1,1,10,0
2025-12-02,21,265,1057,817,36552,38691,0.022351718100240753,0.028917706281462025,0.007249945283431823,1,0,1,1,10,0
2025-12-02,22,304,1105,666,33621,35696,0.01980904791648077,0.03286636328485173,0.009041967817732964,1,0,1,1,10,0
2025-12-02,23,193,846,518,24805,26362,0.02088288651481556,0.03410602701068333,0.007780689377141705,1,0,1,1,10,0
2025-12-03,0,98,353,440,15415,16306,0.028543626337982485,0.022899772948426857,0.0063574440480051895,2,0,1,0,9,0
2025-12-03,1,39,188,122,7901,8250,0.01544108340716365,0.023794456397924314,0.004936084039994937,2,0,1,0,9,0
2025-12-03,2,22,164,79,4398,4663,0.017962710322874033,0.03728967712596635,0.0050022737608003635,2,0,1,0,9,0
2025-12-03,3,12,98,58,2686,2854,0.021593447505584513,0.03648548026805659,0.004467609828741623,2,0,1,0,9,0
2025-12-03,4,21,67,53,2404,2545,0.02204658901830283,0.027870216306156406,0.008735440931780365,2,0,1,0,9,0
2025-12-03,5,10,83,69,3252,3414,0.021217712177121772,0.025522755227552277,0.003075030750307503,2,0,1,0,9,0
2025-12-03,6,9,102,118,4505,4734,0.026193118756936737,0.022641509433962263,0.001997780244173141,2,0,1,0,9,0
2025-12-03,7,84,233,168,7721,8206,0.021758839528558477,0.030177438155679318,0.010879419764279238,2,0,1,0,9,0
2025-12-03,8,115,305,291,11755,12466,0.024755423224159932,0.025946405784772437,0.009783071033602722,2,0,1,0,9,0
2025-12-03,9,170,415,420,15723,16728,0.026712459454302614,0.026394453984608535,0.010812185969598678,2,0,1,0,9,0
2025-12-03,10,249,566,312,16454,17581,0.0189619545399295,0.034398930351282365,0.015133098334751429,2,0,1,0,9,0
2025-12-03,11,265,595,389,17840,19089,0.021804932735426007,0.03335201793721973,0.014854260089686098,2,0,1,0,9,0
2025-12-03,12,251,630,344,17812,19037,0.01931282281607905,0.0353694138782843,0.014091623624522794,2,0,1,0,9,0
2025-12-03,13,302,613,417,19267,20599,0.021643224165671875,0.0318160585456999,0.015674469299839105,2,0,1,0,9,0
2025-12-03,14,252,646,419,19397,20714,0.021601278548229106,0.033304119193689745,0.012991699747383616,2,0,1,0,9,0
2025-12-03,15,203,596,466,20877,22142,0.022321214733917707,0.028548163050246683,0.009723619293959861,2,0,1,0,9,0
2025-12-03,16,211,516,453,18920,20100,0.02394291754756871,0.02727272727272727,0.011152219873150106,2,0,1,0,9,0
2025-12-03,17,154,461,468,16203,17286,0.028883540085169412,0.02845152132321175,0.009504412763068567,2,0,1,0,9,0
2025-12-03,18,174,551,395,17363,18483,0.022749524851696134,0.03173414732477106,0.010021309681506652,2,0,1,0,9,0
2025-12-03,19,216,619,459,23651,24945,0.01940721322565642,0.026172254872944063,0.009132806223838316,2,0,1,0,9,0
2025-12-03,20,289,885,553,31006,32733,0.0178352576920596,0.028542862671740953,0.00932077662387925,2,0,1,1,9,0
2025-12-03,21,271,1111,619,34052,36053,0.01817808058263832,0.03262657112651239,0.007958416539410314,2,0,1,1,9,0
2025-12-03,22,234,995,804,33469,35502,0.024022229525829872,0.029729002957961097,0.006991544414234068,2,0,1,1,9,0
2025-12-03,23,234,940,576,25426,27176,0.0226539762447888,0.0369700306772595,0.00920317784944545,2,0,1,1,9,0
2025-12-04,0,110,449,310,15233,16102,0.02035055471673341,0.029475480863913873,0.007221164576905402,3,0,1,0,8,0
2025-12-04,1,35,235,285,9131,9686,0.03121235352097251,0.025736502026065054,0.0038330960464352205,3,0,1,0,8,0
2025-12-04,2,20,136,121,4418,4695,0.027387958352195565,0.03078315980081485,0.004526935264825713,3,0,1,0,8,0
2025-12-04,3,12,89,99,3225,3425,0.030697674418604652,0.027596899224806203,0.0037209302325581397,3,0,1,0,8,0
2025-12-04,4,14,41,81,2685,2821,0.030167597765363128,0.015270018621973929,0.0052141527001862194,3,0,1,0,8,0
2025-12-04,5,15,78,63,3558,3714,0.01770657672849916,0.021922428330522766,0.0042158516020236085,3,0,1,0,8,0
2025-12-04,6,33,122,106,4629,4890,0.022899114279542016,0.026355584359472887,0.007128969539857421,3,0,1,0,8,0
2025-12-04,7,35,164,165,7837,8201,0.021053974735230317,0.020926374888350134,0.004465994640806431,3,0,1,0,8,0
2025-12-04,8,82,297,268,11350,11997,0.023612334801762114,0.02616740088105727,0.007224669603524229,3,0,1,0,8,0
2025-12-04,9,153,443,397,15103,16096,0.026286168310931602,0.02933192081043501,0.010130437661391777,3,0,1,0,8,0
2025-12-04,10,288,628,430,18351,19697,0.02343196556045992,0.03422156830690425,0.01569396763119176,3,0,1,0,8,0
2025-12-04,11,228,550,392,16660,17830,0.023529411764705882,0.033013205282112844,0.01368547418967587,3,0,1,0,8,0
2025-12-04,12,266,550,368,16872,18056,0.021811284969179705,0.03259838786154576,0.015765765765765764,3,0,1,0,8,0
2025-12-04,13,176,580,389,18133,19278,0.021452600231621904,0.031985882093420834,0.009706060773175977,3,0,1,0,8,0
2025-12-04,14,219,625,452,17709,19005,0.025523744988423965,0.035292788977356146,0.012366593257665594,3,0,1,0,8,0
2025-12-04,15,232,646,485,19287,20650,0.02514647171670037,0.03349406335873905,0.012028827707782444,3,0,1,0,8,0
2025-12-04,16,224,507,408,16932,18071,0.024096385542168676,0.029943302622253722,0.013229388140798487,3,0,1,0,8,0
2025-12-04,17,141,466,361,16074,17042,0.022458628841607566,0.028990917008834143,0.008771929824561403,3,0,1,0,8,0
2025-12-04,18,171,476,400,17484,18531,0.022878059940517045,0.02722489132921528,0.009780370624571036,3,0,1,0,8,0
2025-12-04,19,201,659,459,22465,23784,0.02043178277320276,0.029334520365012242,0.00894725127976853,3,0,1,0,8,0
2025-12-04,20,345,900,587,28617,30449,0.02051228290876053,0.03144983750917287,0.012055771045182934,3,0,1,1,8,0
2025-12-04,21,252,861,628,31179,32920,0.020141762083453606,0.02761474069084961,0.008082363129029154,3,0,1,1,8,0
2025-12-04,22,245,916,695,32863,34719,0.021148403980160057,0.027873292152268508,0.007455192769984481,3,0,1,1,8,0
2025-12-04,23,194,977,610,26512,28293,0.023008449004224503,0.03685123717561859,0.007317441158720579,3,0,1,1,8,0
2025-12-05,0,133,472,336,14067,15008,0.023885689912561313,0.033553707258121845,0.00945475225705552,4,0,1,0,7,0
2025-12-05,1,34,182,215,7696,8127,0.027936590436590438,0.02364864864864865,0.004417879417879418,4,0,1,0,7,0
2025-12-05,2,18,86,90,3836,4030,0.02346193952033368,0.022419186652763295,0.0046923879040667365,4,0,1,0,7,0
2025-12-05,3,9,54,60,2871,2994,0.02089864158829676,0.018808777429467086,0.003134796238244514,4,0,1,0,7,0
2025-12-05,4,14,104,104,2829,3051,0.0367621067515023,0.0367621067515023,0.00494874513962531,4,0,1,0,7,0
2025-12-05,5,8,96,55,3025,3184,0.01818181818181818,0.031735537190082645,0.002644628099173554,4,0,1,0,7,0
2025-12-05,6,35,136,96,4670,4937,0.020556745182012847,0.029122055674518203,0.007494646680942184,4,0,1,0,7,0
2025-12-05,7,46,273,170,8141,8630,0.020881955533718216,0.03353396388650043,0.0056504114973590465,4,0,1,0,7,0
2025-12-05,8,87,303,269,11099,11758,0.024236417695287865,0.027299756734840978,0.007838544012974142,4,0,1,0,7,0
2025-12-05,9,127,418,302,13375,14222,0.02257943925233645,0.03125233644859813,0.009495327102803739,4,0,1,0,7,0
2025-12-05,10,219,499,333,16828,17879,0.01978844782505348,0.029652959353458522,0.013014024245305443,4,0,1,0,7,0
2025-12-05,11,179,417,306,14302,15204,0.021395609005733465,0.029156761292126975,0.012515732065445392,4,0,1,0,7,0
2025-12-05,12,228,464,313,15801,16806,0.019808872856148345,0.029365230048731095,0.014429466489462693,4,0,1,0,7,0
2025-12-05,13,269,520,389,17946,19124,0.02167613952970021,0.028975816337902596,0.01498941268249192,4,0,1,0,7,0
2025-12-05,14,222,500,336,17103,18161,0.019645676197158395,0.02923463719815237,0.012980178915979653,4,0,1,0,7,0
2025-12-05,15,206,477,341,16354,17378,0.02085116790999144,0.029167176225999757,0.012596306713953773,4,0,1,0,7,0
2025-12-05,16,209,394,278,15071,15952,0.018446022161767633,0.026142923495454846,0.013867692920177825,4,0,1,0,7,0
2025-12-05,17,197,442,282,14036,14957,0.020091194072385295,0.031490453120547164,0.014035337703049301,4,0,1,0,7,0
2025-12-05,18,124,392,274,15282,16072,0.017929590367752914,0.025651092788901975,0.008114121188326136,4,0,1,0,7,0
2025-12-05,19,152,560,399,19452,20563,0.02051202961135102,0.028788813489615463,0.007814106518609911,4,0,1,0,7,0
2025-12-05,20,211,713,484,24807,26215,0.019510622001854314,0.028741887370500263,0.008505663723948885,4,0,1,1,7,0
2025-12-05,21,255,925,712,29235,31127,0.02435436976227125,0.03164015734564734,0.008722421754746024,4,0,1,1,7,0
2025-12-05,22,192,904,807,29136,31039,0.027697693574958812,0.031026908292147173,0.006589785831960461,4,0,1,1,7,0
2025-12-05,23,145,778,523,24014,25460,0.021778962272007995,0.03239776796868493,0.006038144415757475,4,0,1,1,7,0
2025-12-06,0,90,382,307,14530,15309,0.02112869924294563,0.02629043358568479,0.006194081211286993,5,1,0,0,6,0
2025-12-06,1,46,176,244,7821,8287,0.031198056514512212,0.02250351617440225,0.005881600818309679,5,1,0,0,6,0
2025-12-06,2,17,103,139,4793,5052,0.029000625912789485,0.021489672438973505,0.0035468391404131026,5,1,0,0,6,0
2025-12-06,3,7,57,72,2731,2867,0.026363969242035885,0.020871475649945074,0.002563163676309044,5,1,0,0,6,0
2025-12-06,4,9,75,50,2407,2541,0.02077274615704196,0.03115911923556294,0.003739094308267553,5,1,0,0,6,0
2025-12-06,5,10,56,148,2441,2655,0.06063088897992626,0.02294141745186399,0.004096681687832855,5,1,0,0,6,0
2025-12-06,6,10,120,146,4414,4690,0.03307657453556864,0.02718622564567286,0.0022655188038060714,5,1,0,0,6,0
2025-12-06,7,33,221,165,8283,8702,0.0199203187250996,0.026681154171194012,0.00398406374501992,5,1,0,0,6,0
2025-12-06,8,104,344,269,12135,12852,0.022167284713638238,0.028347754429336628,0.008570251339101772,5,1,0,0,6,0
2025-12-06,9,132,362,357,15179,16030,0.023519335924632716,0.023848738388563145,0.008696225047763358,5,1,0,0,6,0
2025-12-06,10,159,552,467,16676,17854,0.028004317582153992,0.03310146318061885,0.009534660590069561,5,1,0,0,6,0
2025-12-06,11,190,527,390,15781,16888,0.02471326278436094,0.03339458842912363,0.012039794689816868,5,1,0,0,6,0
2025-12-06,12,167,423,298,13149,14037,0.022663320404593505,0.03216974674880219,0.012700585595862804,5,1,0,0,6,0
2025-12-06,13,185,511,340,17009,18045,0.01998941736727615,0.030042918454935622,0.01087659474395908,5,1,0,0,6,0
2025-12-06,14,253,550,347,17809,18959,0.01948453029367174,0.030883261272390366,0.014206300185299567,5,1,0,0,6,0
2025-12-06,15,185,576,416,19224,20401,0.021639617145235122,0.0299625468164794,0.009623387432376196,5,1,0,0,6,0
2025-12-06,16,235,575,401,18024,19235,0.022248113626276076,0.03190190856635597,0.013038171327119397,5,1,0,0,6,0
2025-12-06,17,110,449,258,14470,15287,0.017829993089149964,0.031029716655148584,0.007601935038009675,5,1,0,0,6,0
2025-12-06,18,172,553,385,16802,17912,0.022913938816807523,0.032912748482323534,0.01023687656231401,5,1,0,0,6,0
2025-12-06,19,202,573,492,23025,24292,0.021368078175895765,0.02488599348534202,0.008773072747014115,5,1,0,0,6,0
2025-12-06,20,229,744,531,27941,29445,0.019004330553666654,0.026627536594967968,0.008195841236892022,5,1,0,1,6,0
2025-12-06,21,233,941,782,33610,35566,0.02326688485569771,0.027997619756024994,0.006932460577209164,5,1,0,1,6,0
2025-12-06,22,322,1152,716,32750,34940,0.02186259541984733,0.03517557251908397,0.00983206106870229,5,1,0,1,6,0
2025-12-06,23,172,867,603,26122,27764,0.023083990506086824,0.03319041421024424,0.0065844881708904375,5,1,0,1,6,0
2025-12-07,0,115,483,531,16789,17918,0.03162785156948002,0.02876883673834058,0.006849723032938233,6,1,0,0,5,0
2025-12-07,1,19,174,278,8410,8881,0.03305588585017836,0.020689655172413793,0.002259215219976219,6,1,0,0,5,0
2025-12-07,2,8,101,112,4672,4893,0.023972602739726026,0.021618150684931507,0.0017123287671232876,6,1,0,0,5,0
2025-12-07,3,7,78,147,3686,3918,0.03988062940857298,0.021161150298426478,0.0018990775908844276,6,1,0,0,5,0
2025-12-07,4,7,64,123,2979,3173,0.041289023162134945,0.021483719368915744,0.0023497818059751594,6,1,0,0,5,0
2025-12-07,5,4,65,121,3055,3245,0.03960720130932897,0.02127659574468085,0.001309328968903437,6,1,0,0,5,0
2025-12-07,6,22,100,115,4401,4638,0.026130424903431038,0.022722108611679163,0.004998863894569416,6,1,0,0,5,0
2025-12-07,7,58,174,184,8826,9242,0.020847496034443688,0.01971447994561523,0.006571493315205076,6,1,0,0,5,0
2025-12-07,8,106,382,447,14288,15223,0.031284994400895855,0.02673572228443449,0.007418812989921613,6,1,0,0,5,0
2025-12-07,9,151,391,386,16151,17079,0.023899448950529378,0.024209027304810848,0.009349266299300354,6,1,0,0,5,0
2025-12-07,10,198,545,362,18587,19692,0.01947597783396998,0.029321568838435466,0.010652606660569216,6,1,0,0,5,0
2025-12-07,11,221,520,392,16551,17684,0.02368436952450003,0.03141804120596943,0.013352667512537006,6,1,0,0,5,0
2025-12-07,12,180,414,324,13931,14849,0.023257483310602255,0.0297178953413251,0.012920824061445697,6,1,0,0,5,0
2025-12-07,13,173,484,420,16171,17248,0.025972419763774658,0.02993012182301651,0.010698163378888133,6,1,0,0,5,0
2025-12-07,14,184,536,413,17927,19060,0.023037875829754,0.029899034975177107,0.010263847827299603,6,1,0,0,5,0
2025-12-07,15,176,533,360,17492,18561,0.02058083695403613,0.030471072490281272,0.010061742510862108,6,1,0,0,5,0
2025-12-07,16,229,518,357,18252,19356,0.0195595003287311,0.028380451457374535,0.012546570238877931,6,1,0,0,5,0
2025-12-07,17,152,418,306,15525,16401,0.01971014492753623,0.026924315619967793,0.009790660225442834,6,1,0,0,5,0
2025-12-07,18,155,493,383,16933,17964,0.022618555483375657,0.02911474635327467,0.009153723498494064,6,1,0,0,5,0
2025-12-07,19,158,609,364,21027,22158,0.017311076235316497,0.02896276216293337,0.007514148475769249,6,1,0,0,5,0
2025-12-07,20,182,831,394,28435,29842,0.013856163179180587,0.029224547212941796,0.006400562686829612,6,1,0,1,5,0
2025-12-07,21,324,1331,743,34609,37007,0.02146840417232512,0.038458204513276896,0.009361726718483631,6,1,0,1,5,0
2025-12-07,22,267,1130,758,32256,34411,0.023499503968253968,0.035032242063492064,0.008277529761904762,6,1,0,1,5,0
2025-12-07,23,160,893,612,25643,27308,0.023866162305502477,0.034824318527473384,0.006239519556994111,6,1,0,1,5,0
2025-12-08,0,128,362,422,14586,15498,0.028931852461264226,0.024818318935965995,0.008775538187302893,0,0,1,0,4,0
2025-12-08,1,26,152,188,7084,7450,0.026538678712591756,0.021456804065499716,0.0036702428006775835,0,0,1,0,4,0
2025-12-08,2,15,101,124,3956,4196,0.03134479271991911,0.025530839231547017,0.0037917087967644083,0,0,1,0,4,0
2025-12-08,3,11,56,87,2138,2292,0.04069223573433115,0.026192703461178673,0.005144995322731525,0,0,1,0,4,0
2025-12-08,4,2,53,54,2098,2207,0.025738798856053385,0.025262154432793137,0.0009532888465204957,0,0,1,0,4,0
2025-12-08,5,16,77,118,3048,3259,0.03871391076115486,0.02526246719160105,0.005249343832020997,0,0,1,0,4,0
2025-12-08,6,16,74,85,3482,3657,0.024411257897759907,0.02125215393452039,0.004595060310166571,0,0,1,0,4,0
2025-12-08,7,34,158,196,7138,7526,0.027458671896889886,0.022135051835247967,0.0047632390025217144,0,0,1,0,4,0
2025-12-08,8,85,240,231,11061,11617,0.020884187686465962,0.021697857336588012,0.007684657806708254,0,0,1,0,4,0
2025-12-08,9,127,412,373,13967,14879,0.02670580654399656,0.029498102670580655,0.009092861745543065,0,0,1,0,4,0
2025-12-08,10,197,521,311,15850,16879,0.019621451104100945,0.03287066246056782,0.012429022082018928,0,0,1,0,4,0
2025-12-08,11,175,451,390,14911,15927,0.026155187445510025,0.03024612702032057,0.011736302058882705,0,0,1,0,4,0
2025-12-08,12,237,577,332,15548,16694,0.021353228711088242,0.03711088242860818,0.01524311808592745,0,0,1,0,4,0
2025-12-08,13,261,625,374,18459,19719,0.020261119237228453,0.033858822254726695,0.014139444173573866,0,0,1,0,4,0
2025-12-08,14,220,537,338,17555,18650,0.01925377385360296,0.03058957561948163,0.012532042153232698,0,0,1,0,4,0
2025-12-08,15,247,616,465,19085,20413,0.02436468430704742,0.03227665706051873,0.012942101126539167,0,0,1,0,4,0
2025-12-08,16,222,525,338,17296,18381,0.01954209065679926,0.030353839037927845,0.012835337650323774,0,0,1,0,4,0
2025-12-08,17,132,466,273,14316,15187,0.019069572506286672,0.032550991897177986,0.009220452640402346,0,0,1,0,4,0
2025-12-08,18,181,473,317,16755,17726,0.018919725455088035,0.028230378991345867,0.010802745449119666,0,0,1,0,4,0
2025-12-08,19,183,606,544,24287,25620,0.022398814180425743,0.02495162020834191,0.0075348952114299836,0,0,1,0,4,0
2025-12-08,20,254,916,605,30897,32672,0.01958118911221154,0.029646891283943426,0.008220862866945011,0,0,1,1,4,0
2025-12-08,21,271,977,814,34832,36894,0.02336931557188792,0.02804892053284336,0.00778020211299954,0,0,1,1,4,0
2025-12-08,22,207,1046,710,32004,33967,0.02218472690913636,0.03268341457317835,0.0064679415073115865,0,0,1,1,4,0
2025-12-08,23,172,894,547,23744,25357,0.023037398921832885,0.037651617250673855,0.0072439353099730455,0,0,1,1,4,0
2025-12-09,0,103,358,336,14312,15109,0.023476802683063163,0.025013974287311346,0.007196757965343767,1,0,1,0,3,0
2025-12-09,1,33,186,158,7711,8088,0.0204902087926339,0.02412138503436649,0.0042796005706134095,1,0,1,0,3,0
2025-12-09,2,30,125,106,4749,5010,0.022320488523899767,0.026321330806485577,0.006317119393556538,1,0,1,0,3,0
2025-12-09,3,10,82,31,2659,2782,0.011658518239939826,0.030838661150808574,0.00376081233546446,1,0,1,0,3,0
2025-12-09,4,14,77,79,2422,2592,0.032617671345995046,0.031791907514450865,0.005780346820809248,1,0,1,0,3,0
2025-12-09,5,14,76,31,2496,2617,0.012419871794871794,0.030448717948717948,0.005608974358974359,1,0,1,0,3,0
2025-12-09,6,41,129,104,4576,4850,0.022727272727272728,0.02819055944055944,0.00895979020979021,1,0,1,0,3,0
2025-12-09,7,34,278,187,8438,8937,0.022161649680018963,0.032946195780990756,0.004029390850912538,1,0,1,0,3,0
2025-12-09,8,96,332,266,11102,11796,0.02395964691046658,0.029904521707800398,0.008647090614303729,1,0,1,0,3,0
2025-12-09,9,146,385,359,13574,14464,0.026447620450861943,0.028363047001620744,0.010755856785030205,1,0,1,0,3,0
2025-12-09,10,254,508,472,16459,17693,0.028677319399720517,0.03086457257427547,0.015432286287137735,1,0,1,0,3,0
2025-12-09,11,190,517,352,15273,16332,0.023047207490342433,0.033850586001440454,0.012440254043082565,1,0,1,0,3,0
2025-12-09,12,241,467,304,15481,16493,0.01963697435566178,0.030166009947677798,0.015567469801692397,1,0,1,0,3,0
2025-12-09,13,268,652,571,19291,20782,0.029599295008034834,0.03379814421232699,0.013892488725312322,1,0,1,0,3,0
2025-12-09,14,199,643,471,18338,19651,0.025684371250954303,0.035063801941324024,0.010851783182462646,1,0,1,0,3,0
2025-12-09,15,185,539,406,17833,18963,0.022766780687489486,0.030224864016149836,0.010374025682723042,1,0,1,0,3,0
2025-12-09,16,251,664,399,17299,18613,0.023064917047228163,0.03838372160240476,0.014509509220186139,1,0,1,0,3,0
2025-12-09,17,138,551,329,16076,17094,0.02046528987310276,0.0342746951978104,0.008584224931575018,1,0,1,0,3,0
2025-12-09,18,119,508,298,17111,18036,0.01741569750452925,0.02968850447080825,0.0069545906142247675,1,0,1,0,3,0
2025-12-09,19,209,664,452,23911,25236,0.018903433566141107,0.027769645769729415,0.008740746936556397,1,0,1,0,3,0
2025-12-09,20,273,896,630,31113,32912,0.0202487706103558,0.028798251534728248,0.008774467264487513,1,0,1,1,3,0
2025-12-09,21,276,1174,697,34509,36656,0.020197629603871455,0.034020110695760525,0.007997913587759715,1,0,1,1,3,0
2025-12-09,22,168,1062,805,33707,35742,0.02388227964517756,0.031506808674755984,0.004984127925950099,1,0,1,1,3,0
2025-12-09,23,157,890,709,25821,27577,0.027458270400061966,0.03446806862631192,0.006080322218349405,1,0,1,1,3,0
2025-12-10,0,83,420,426,16085,17014,0.026484302144855455,0.02611128380478707,0.005160087037612683,2,0,1,0,2,1
2025-12-10,1,46,173,186,8028,8433,0.023168908819133034,0.02154957648231191,0.0057299451918286,2,0,1,0,2,1
2025-12-10,2,27,89,80,3538,3734,0.022611644997173545,0.02515545505935557,0.007631430186546071,2,0,1,0,2,1
2025-12-10,3,8,79,87,3093,3267,0.028128031037827354,0.02554154542515357,0.0025864856126737797,2,0,1,0,2,1
2025-12-10,4,7,83,23,2283,2396,0.010074463425317565,0.036355672360928605,0.0030661410424879547,2,0,1,0,2,1
2025-12-10,5,6,42,21,2094,2163,0.01002865329512894,0.02005730659025788,0.0028653295128939827,2,0,1,0,2,1
2025-12-10,6,22,120,85,4530,4757,0.018763796909492272,0.026490066225165563,0.004856512141280353,2,0,1,0,2,1
2025-12-10,7,69,264,170,8116,8619,0.02094627895515032,0.032528339083292265,0.00850172498767866,2,0,1,0,2,1
2025-12-10,8,71,359,265,12400,13095,0.021370967741935483,0.028951612903225805,0.005725806451612903,2,0,1,0,2,1
2025-12-10,9,179,428,372,15131,16110,0.024585288480602735,0.02828629964972573,0.011830017844160995,2,0,1,0,2,1
2025-12-10,10,197,572,399,18112,19280,0.022029593639575972,0.031581272084805656,0.010876766784452296,2,0,1,0,2,1
2025-12-10,11,141,524,477,17308,18450,0.02755951005315461,0.030275017333025192,0.00814652183961174,2,0,1,0,2,1
2025-12-10,12,204,613,394,17060,18271,0.02309495896834701,0.03593200468933177,0.011957796014067995,2,0,1,0,2,1
2025-12-10,13,166,650,371,19446,20633,0.01907847372210223,0.033425897356782884,0.00853645994034763,2,0,1,0,2,1
2025-12-10,14,245,696,348,19799,21088,0.01757664528511541,0.03515329057023082,0.012374362341532401,2,0,1,0,2,1
2025-12-10,15,195,542,376,19958,21071,0.018839563082473195,0.027157029762501252,0.009770518087984768,2,0,1,0,2,1
2025-12-10,16,215,579,425,19546,20765,0.021743579248951192,0.02962242914151233,0.010999693031822367,2,0,1,0,2,1
2025-12-10,17,164,445,336,16084,17029,0.020890325789604577,0.027667246953494155,0.010196468540164138,2,0,1,0,2,1
2025-12-10,18,146,520,339,17844,18849,0.018997982515131136,0.029141448105805875,0.008182021968168572,2,0,1,0,2,1
2025-12-10,19,153,658,561,24957,26329,0.02247866330087751,0.026365348399246705,0.006130544536602957,2,0,1,0,2,1
2025-12-10,20,187,946,828,32813,34774,0.025233901197696036,0.028830036875628563,0.005698960777740529,2,0,1,1,2,1
2025-12-10,21,209,1144,782,36888,39023,0.021199306007373672,0.03101279548904793,0.005665799175883756,2,0,1,1,2,1
2025-12-10,22,291,1262,773,35967,38293,0.02149192315177802,0.03508771929824561,0.008090749854032863,2,0,1,1,2,1
2025-12-10,23,185,1072,629,26581,28467,0.023663519054964072,0.040329558707347356,0.006959858545577668,2,0,1,1,2,1
2025-12-11,0,83,437,302,16151,16973,0.018698532598600708,0.027057148164200358,0.005139000681072379,3,0,1,0,1,1
2025-12-11,1,31,231,182,7518,7962,0.024208566108007448,0.030726256983240222,0.004123437084330939,3,0,1,0,1,1
2025-12-11,2,17,108,69,3969,4163,0.017384731670445956,0.027210884353741496,0.004283194759385236,3,0,1,0,1,1
2025-12-11,3,9,57,38,3118,3222,0.012187299550994226,0.018280949326491342,0.0028864656831302116,3,0,1,0,1,1
2025-12-11,4,4,74,70,2313,2461,0.030263726761781237,0.03199308257674016,0.0017293558149589277,3,0,1,0,1,1
2025-12-11,5,7,54,79,2690,2830,0.029368029739776952,0.020074349442379184,0.0026022304832713753,3,0,1,0,1,1
2025-12-11,6,23,121,125,4940,5209,0.025303643724696356,0.024493927125506073,0.00465587044534413,3,0,1,0,1,1
2025-12-11,7,32,227,220,9112,9591,0.024143985952589993,0.024912203687445126,0.003511852502194908,3,0,1,0,1,1
2025-12-11,8,65,312,221,11419,12017,0.019353708731062264,0.027322882914440846,0.005692267273841842,3,0,1,0,1,1
2025-12-11,9,111,480,358,15743,16692,0.02274026551483199,0.030489741472400432,0.0070507527154926,3,0,1,0,1,1
2025-12-11,10,138,569,449,17477,18633,0.025690908050580764,0.03255707501287406,0.007896092006637295,3,0,1,0,1,1
2025-12-11,11,199,577,466,18632,19874,0.025010734220695576,0.03096822670674109,0.010680549592099613,3,0,1,0,1,1
2025-12-11,12,191,537,367,18504,19599,0.019833549502810202,0.029020752269779508,0.0103220925205361,3,0,1,0,1,1
2025-12-11,13,204,599,525,21515,22843,0.024401580292818963,0.027841041134092494,0.009481756913781083,3,0,1,0,1,1
2025-12-11,14,201,754,419,21094,22468,0.01986346828482033,0.03574476154356689,0.009528775955247938,3,0,1,0,1,1
2025-12-11,15,279,678,346,20597,21900,0.016798562897509348,0.03291741515754722,0.013545661989610137,3,0,1,0,1,1
2025-12-11,16,142,638,373,18457,19610,0.020209134745624965,0.034566831012623936,0.00769355799967492,3,0,1,0,1,1
2025-12-11,17,116,703,333,18068,19220,0.01843037414212973,0.03890856763338499,0.006420190391853,3,0,1,0,1,1
2025-12-11,18,154,651,344,19973,21122,0.01722325138937566,0.03259400190256847,0.0077104090522204976,3,0,1,0,1,1
2025-12-11,19,144,984,652,29546,31326,0.022067284911663168,0.03330400054152846,0.004873756176809044,3,0,1,0,1,1
2025-12-11,20,263,1232,684,36739,38918,0.018617817578050574,0.033533846865728516,0.007158605296823539,3,0,1,1,1,1
2025-12-11,21,283,1640,784,45095,47802,0.017385519458920057,0.0363676682559042,0.006275640314890786,3,0,1,1,1,1
2025-12-11,22,332,2011,946,51508,54797,0.018366079055680672,0.03904247883823872,0.006445600683388988,3,0,1,1,1,1
2025-12-11,23,198,1969,958,46151,49276,0.02075794674004897,0.04266429763168729,0.004290264566314923,3,0,1,1,1,1
2025-12-12,0,1950,2267,584,45229,50030,0.012912069689800791,0.05012270888146985,0.043113931327245794,4,0,1,0,0,1
2025-12-12,1,608,914,251,20988,22761,0.011959214789403469,0.04354869449209072,0.028968934629311986,4,0,1,0,0,1
2025-12-12,2,222,442,194,10896,11754,0.017804698972099853,0.040565345080763586,0.020374449339207047,4,0,1,0,0,1
2025-12-12,3,116,199,96,5762,6173,0.016660881638320028,0.034536619229434226,0.020131898646303367,4,0,1,0,0,1
2025-12-12,4,86,186,69,4827,5168,0.014294592914853946,0.03853325046612803,0.017816449140252745,4,0,1,0,0,1
2025-12-12,5,100,185,82,6050,6417,0.013553719008264463,0.030578512396694214,0.01652892561983471,4,0,1,0,0,1
2025-12-12,6,278,360,185,11997,12820,0.015420521797115946,0.030007501875468866,0.02317245978161207,4,0,1,0,0,1
2025-12-12,7,511,730,434,20502,22177,0.02116866647156375,0.035606282313920594,0.024924397619744416,4,0,1,0,0,1
2025-12-12,8,811,1028,426,25891,28156,0.01645359391294272,0.039704916766443936,0.03132362597041443,4,0,1,0,0,1
2025-12-12,9,866,1252,511,30066,32695,0.01699594226036054,0.041641721545932285,0.028803299407969135,4,0,1,0,0,1
2025-12-12,10,824,1254,470,30083,32631,0.015623441810989595,0.04168467240634245,0.027390885217564737,4,0,1,0,0,1
2025-12-12,11,839,1001,402,25787,28029,0.015589250397487106,0.038818009074339785,0.032535773839531545,4,0,1,0,0,1
2025-12-12,12,681,945,469,27963,30058,0.01677216321567786,0.03379465722561957,0.024353610127668707,4,0,1,0,0,1
2025-12-12,13,737,1163,427,30809,33136,0.013859586484468825,0.03774870979259307,0.023921581356097243,4,0,1,0,0,1
2025-12-12,14,570,951,516,27803,29840,0.018559148293349637,0.03420494191274323,0.020501384742653672,4,0,1,0,0,1
2025-12-12,15,588,989,507,27660,29744,0.018329718004338396,0.035755603759942155,0.02125813449023861,4,0,1,0,0,1
2025-12-12,16,597,1000,483,27792,29872,0.01737910189982729,0.03598157743235463,0.021481001727115718,4,0,1,0,0,1
2025-12-12,17,438,869,387,23876,25570,0.016208745183447813,0.03639638130340091,0.018344781370413805,4,0,1,0,0,1
2025-12-12,18,424,956,564,25121,27065,0.022451335536005732,0.03805580988017993,0.016878308984514947,4,0,1,0,0,1
2025-12-12,19,577,985,711,32965,35238,0.021568330047019565,0.029880175944183223,0.01750341271045048,4,0,1,0,0,1
2025-12-12,20,643,1228,565,40770,43206,0.013858229090017169,0.03012018641157714,0.01577140053961246,4,0,1,1,0,1
2025-12-12,21,850,1843,735,47831,51259,0.015366603248938973,0.03853149630992453,0.017770901716460036,4,0,1,1,0,1
2025-12-12,22,985,1895,709,47748,51337,0.014848789478093323,0.03968752617910698,0.020629136298902572,4,0,1,1,0,1
2025-12-12,23,950,1866,669,43091,46576,0.015525283701933118,0.04330370611032466,0.02204636699078694,4,0,1,1,0,1
2025-12-13,0,195,634,439,21749,23017,0.020184836084417675,0.029150765552439194,0.008965929468021518,5,1,0,0,-1,0
2025-12-13,1,36,233,212,9626,10107,0.022023685850820693,0.02420527737377935,0.003739871182214835,5,1,0,0,-1,0
2025-12-13,2,18,106,86,4952,5162,0.017366720516962843,0.021405492730210016,0.0036348949919224557,5,1,0,0,-1,0
2025-12-13,3,9,73,127,3650,3859,0.034794520547945205,0.02,0.002465753424657534,5,1,0,0,-1,0
2025-12-13,4,11,60,40,2173,2284,0.01840773124712379,0.02761159687068569,0.0050621260929590425,5,1,0,0,-1,0
2025-12-13,5,16,67,34,2132,2249,0.01594746716697936,0.03142589118198874,0.0075046904315197,5,1,0,0,-1,0
2025-12-13,6,36,133,133,5584,5886,0.023818051575931233,0.023818051575931233,0.0064469914040114614,5,1,0,0,-1,0
2025-12-13,7,59,254,230,10799,11342,0.021298268358181313,0.023520696360774147,0.00546346883970738,5,1,0,0,-1,0
2025-12-13,8,72,359,337,15094,15862,0.02232675235192792,0.023784285146415795,0.004770107327414867,5,1,0,0,-1,0
2025-12-13,9,147,408,439,16328,17322,0.026886330230279275,0.024987751102400785,0.009002939735423812,5,1,0,0,-1,0
2025-12-13,10,194,540,369,17454,18557,0.021141285665177038,0.030938466827088347,0.011114930674916925,5,1,0,0,-1,0
2025-12-13,11,168,437,334,15259,16198,0.021888721410315223,0.0286388360967298,0.011009895799200472,5,1,0,0,-1,0
2025-12-13,12,196,495,341,16666,17698,0.02046081843273731,0.0297011880475219,0.011760470418816752,5,1,0,0,-1,0
2025-12-13,13,284,517,276,16923,18000,0.01630916504165928,0.030550138864267565,0.01678189446315665,5,1,0,0,-1,0
2025-12-13,14,205,470,327,17473,18475,0.018714588221827963,0.026898643621587594,0.011732387111543525,5,1,0,0,-1,0
2025-12-13,15,231,533,380,15861,17005,0.023958136309186053,0.03360443855998991,0.014564024966899944,5,1,0,0,-1,0
2025-12-13,16,192,432,306,15711,16641,0.019476799694481572,0.02749665839220928,0.012220737063204125,5,1,0,0,-1,0
2025-12-13,17,192,434,270,16509,17405,0.016354715609667454,0.02628869101702102,0.011630019989096857,5,1,0,0,-1,0
2025-12-13,18,138,494,318,17665,18615,0.01800169827342202,0.027964902349278235,0.007812057741296349,5,1,0,0,-1,0
2025-12-13,19,148,530,469,21845,22992,0.021469443808651865,0.02426184481574731,0.0067750057221332115,5,1,0,0,-1,0
2025-12-13,20,245,701,564,29335,30845,0.01922618033066303,0.023896369524458838,0.008351798193284472,5,1,0,1,-1,0
2025-12-13,21,306,887,620,33934,35747,0.01827076088878411,0.02613897565863146,0.009017504567690222,5,1,0,1,-1,0
2025-12-13,22,230,858,559,32010,33657,0.01746329272102468,0.026804123711340205,0.00718525460793502,5,1,0,1,-1,0
2025-12-13,23,150,831,649,26605,28235,0.024393910919000186,0.03123473031385078,0.0056380379627889495,5,1,0,1,-1,0
2025-12-14,0,83,464,421,17141,18109,0.024560994107695,0.027069599206580714,0.00484219123738405,6,1,0,0,-2,0
2025-12-14,1,55,236,354,10255,10900,0.03451974646513896,0.023013164310092638,0.005363237445148708,6,1,0,0,-2,0
2025-12-14,2,19,130,129,5079,5357,0.025398700531600708,0.025595589683008468,0.003740893876747391,6,1,0,0,-2,0
2025-12-14,3,6,51,73,2911,3041,0.02507729302645139,0.017519752662315355,0.0020611473720371005,6,1,0,0,-2,0
2025-12-14,4,32,61,25,2286,2404,0.010936132983377077,0.02668416447944007,0.01399825021872266,6,1,0,0,-2,0
2025-12-14,5,20,48,65,2429,2562,0.026759983532317826,0.019761218608480857,0.008233841086867023,6,1,0,0,-2,0
2025-12-14,6,28,115,147,4524,4814,0.03249336870026525,0.02541998231653404,0.00618921308576481,6,1,0,0,-2,0
2025-12-14,7,83,290,162,9655,10190,0.01677887105126877,0.03003625064733299,0.008596582081822889,6,1,0,0,-2,0
2025-12-14,8,95,299,219,13326,13939,0.016434038721296715,0.022437340537295514,0.0071289209064985745,6,1,0,0,-2,0
2025-12-14,9,145,446,340,15943,16874,0.021325973781596938,0.02797465972527128,0.009094900583328106,6,1,0,0,-2,0
2025-12-14,10,208,450,559,17858,19075,0.031302497480120955,0.025198790458058014,0.011647440922835704,6,1,0,0,-2,0
2025-12-14,11,215,486,325,16607,17633,0.019570060817727466,0.029264767868970917,0.012946347925573554,6,1,0,0,-2,0
2025-12-14,12,160,432,313,15226,16131,0.02055694207277026,0.028372520688296335,0.010508340995665309,6,1,0,0,-2,0
2025-12-14,13,207,506,367,16758,17838,0.0218999880654016,0.03019453395393245,0.012352309344790547,6,1,0,0,-2,0
2025-12-14,14,196,457,404,18105,19162,0.02231427782380558,0.02524164595415631,0.010825738746202707,6,1,0,0,-2,0
2025-12-14,15,210,466,424,16978,18078,0.02497349511132053,0.02744728472140417,0.012368948050418188,6,1,0,0,-2,0
2025-12-14,16,196,475,391,17821,18883,0.02194040738454632,0.026653947589922,0.010998260479209921,6,1,0,0,-2,0
2025-12-14,17,167,425,314,16401,17307,0.01914517407475154,0.025913054082068166,0.010182305956953843,6,1,0,0,-2,0
2025-12-14,18,171,461,377,18394,19403,0.020495813852343156,0.025062520387082746,0.009296509731434163,6,1,0,0,-2,0
2025-12-14,19,206,523,456,23396,24581,0.01949051119849547,0.022354248589502478,0.008804923918618568,6,1,0,0,-2,0
2025-12-14,20,223,750,513,28943,30429,0.017724492968938948,0.02591300141657741,0.00770479908786235,6,1,0,1,-2,0
2025-12-14,21,260,873,534,32301,33968,0.016531995913439214,0.02702702702702703,0.008049286399801864,6,1,0,1,-2,0
2025-12-14,22,340,1005,610,33439,35394,0.018242172313765365,0.030054726516941296,0.010167768174885612,6,1,0,1,-2,0
2025-12-14,23,158,764,606,24941,26469,0.02429734172647448,0.030632292209614692,0.006334950483140211,6,1,0,1,-2,0
2025-12-15,0,93,369,345,13694,14501,0.025193515408207974,0.02694610778443114,0.006791295457864758,0,0,1,0,-3,0
2025-12-15,1,33,175,181,7590,7979,0.023847167325428194,0.0230566534914361,0.004347826086956522,0,0,1,0,-3,0
2025-12-15,2,19,89,81,3852,4041,0.02102803738317757,0.023104880581516097,0.004932502596053998,0,0,1,0,-3,0
2025-12-15,3,11,88,41,2942,3082,0.013936097892590074,0.02991162474507138,0.0037389530931339226,0,0,1,0,-3,0
2025-12-15,4,6,37,28,1946,2017,0.014388489208633094,0.019013360739979446,0.003083247687564234,0,0,1,0,-3,0
2025-12-15,5,8,32,64,2442,2546,0.02620802620802621,0.013104013104013105,0.003276003276003276,0,0,1,0,-3,0
2025-12-15,6,19,110,143,4793,5065,0.02983517629876904,0.022950135614437723,0.0039641143334028794,0,0,1,0,-3,0
2025-12-15,7,52,167,181,7177,7577,0.025219451024104778,0.02326877525428452,0.007245367145046677,0,0,1,0,-3,0
2025-12-15,8,65,270,273,10652,11260,0.025628989861058955,0.025347352609838527,0.006102140443109276,0,0,1,0,-3,0
2025-12-15,9,220,353,388,14182,15143,0.027358623607389648,0.024890706529403468,0.015512621633055987,0,0,1,0,-3,0
2025-12-15,10,247,510,382,17083,18222,0.02236141192998888,0.029854241058362114,0.01445881870865773,0,0,1,0,-3,0
2025-12-15,11,273,494,296,16413,17476,0.018034484859562543,0.030098092975080728,0.01663315664412356,0,0,1,0,-3,0
2025-12-15,12,226,464,319,18326,19335,0.017406962785114045,0.02531921859652952,0.012332205609516533,0,0,1,0,-3,0
2025-12-15,13,250,621,437,20064,21372,0.021780303030303032,0.03095095693779904,0.01246012759170654,0,0,1,0,-3,0
2025-12-15,14,297,541,389,19342,20569,0.020111674077137834,0.027970220246096578,0.01535518560645228,0,0,1,0,-3,0
2025-12-15,15,228,541,396,19385,20550,0.02042816610781532,0.02790817642507093,0.011761671395408822,0,0,1,0,-3,0
2025-12-15,16,170,473,291,18311,19245,0.015892086723827206,0.025831467423952814,0.009284036917699743,0,0,1,0,-3,0
2025-12-15,17,155,498,276,15798,16727,0.017470565894417017,0.031522977592100265,0.00981136852766173,0,0,1,0,-3,0
2025-12-15,18,196,477,292,17581,18546,0.016608839087651442,0.02713156248222513,0.011148398839656447,0,0,1,0,-3,0
2025-12-15,19,193,573,337,22807,23910,0.014776165212434779,0.025123865479896524,0.008462314201780155,0,0,1,0,-3,0
2025-12-15,20,253,713,510,29696,31172,0.01717403017241379,0.02400996767241379,0.008519665948275862,0,0,1,1,-3,0
2025-12-15,21,304,882,687,34184,36057,0.02009712146033232,0.025801544582260708,0.00889304937982682,0,0,1,1,-3,0
2025-12-15,22,259,1023,758,34090,36130,0.022235259606922853,0.030008800234672926,0.0075975359342915815,0,0,1,1,-3,0
2025-12-15,23,187,710,663,24274,25834,0.027313174590096398,0.02924940265304441,0.00770371591002719,0,0,1,1,-3,0
2025-12-16,0,119,311,334,13957,14721,0.02393064412122949,0.022282725514078956,0.008526187576126675,1,0,1,0,-4,0
2025-12-16,1,18,168,287,9136,9609,0.031414185639229424,0.01838879159369527,0.001970227670753065,1,0,1,0,-4,0
2025-12-16,2,15,126,156,5207,5504,0.029959669675436913,0.02419819473785289,0.002880737468792011,1,0,1,0,-4,0
2025-12-16,3,9,72,51,2445,2577,0.020858895705521473,0.029447852760736196,0.0036809815950920245,1,0,1,0,-4,0
2025-12-16,4,5,62,49,2465,2581,0.019878296146044624,0.02515212981744422,0.002028397565922921,1,0,1,0,-4,0
2025-12-16,5,11,51,42,2395,2499,0.01753653444676409,0.02129436325678497,0.004592901878914405,1,0,1,0,-4,0
2025-12-16,6,22,100,97,4772,4991,0.020326906957250628,0.020955574182732608,0.004610226320201173,1,0,1,0,-4,0
2025-12-16,7,74,206,191,8552,9023,0.022333956969130028,0.024087932647333957,0.008652946679139382,1,0,1,0,-4,0
2025-12-16,8,82,317,185,11260,11844,0.016429840142095916,0.028152753108348135,0.007282415630550622,1,0,1,0,-4,0
2025-12-16,9,134,345,287,15261,16027,0.01880610707030994,0.022606644387654806,0.00878055173317607,1,0,1,0,-4,0
2025-12-16,10,254,548,296,16604,17702,0.017827029631414117,0.033004095398699106,0.015297518670199952,1,0,1,0,-4,0
2025-12-16,11,199,491,321,15423,16434,0.02081307138688971,0.03183557025222071,0.01290280749529923,1,0,1,0,-4,0
2025-12-16,12,311,551,385,16620,17867,0.02316486161251504,0.033152827918170875,0.01871239470517449,1,0,1,0,-4,0
2025-12-16,13,272,607,379,18385,19643,0.020614631493065,0.03301604568942072,0.014794669567582268,1,0,1,0,-4,0
2025-12-16,14,249,460,375,18436,19520,0.020340637882403992,0.02495118246908223,0.013506183553916251,1,0,1,0,-4,0
2025-12-16,15,354,630,480,18267,19731,0.026276892757431433,0.03448842174412876,0.019379208408605682,1,0,1,0,-4,0
2025-12-16,16,194,430,350,16860,17834,0.020759193357058125,0.025504151838671413,0.011506524317912218,1,0,1,0,-4,0
2025-12-16,17,171,479,312,15071,16033,0.020702010483710436,0.03178289430031186,0.01134629420741822,1,0,1,0,-4,0
2025-12-16,18,146,418,311,16135,17010,0.01927486829872947,0.025906414626588162,0.00904865199876046,1,0,1,0,-4,0
2025-12-16,19,191,528,454,23194,24367,0.0195740277658015,0.02276450806242994,0.008234888333189617,1,0,1,0,-4,0
2025-12-16,20,261,735,493,30069,31558,0.01639562339951445,0.024443779307592537,0.008680035917390003,1,0,1,1,-4,0
2025-12-16,21,303,874,611,34256,36044,0.017836291452592246,0.025513778608127043,0.008845165810368986,1,0,1,1,-4,0
2025-12-16,22,225,1007,743,34771,36746,0.021368381697391504,0.02896091570561675,0.006470909666101061,1,0,1,1,-4,0
2025-12-16,23,152,650,560,23858,25220,0.023472210579260626,0.027244530136641798,0.006371028585799313,1,0,1,1,-4,0
2025-12-17,0,69,291,302,12724,13386,0.0237346746306193,0.02287016661427224,0.005422823011631562,2,0,1,0,-5,0
2025-12-17,1,34,138,224,7996,8392,0.02801400700350175,0.01725862931465733,0.004252126063031516,2,0,1,0,-5,0
2025-12-17,2,18,84,107,4833,5042,0.022139457893647838,0.01738050900062073,0.0037243947858473,2,0,1,0,-5,0
2025-12-17,3,31,60,61,2479,2631,0.024606696248487294,0.024203307785397338,0.012505042355788625,2,0,1,0,-5,0
2025-12-17,4,29,73,49,2730,2881,0.017948717948717947,0.02673992673992674,0.010622710622710623,2,0,1,0,-5,0
2025-12-17,5,13,70,72,2757,2912,0.026115342763873776,0.025389916575988394,0.004715270221254987,2,0,1,0,-5,0
2025-12-17,6,18,85,90,4437,4630,0.02028397565922921,0.019157088122605363,0.004056795131845842,2,0,1,0,-5,0
2025-12-17,7,34,173,147,6958,7312,0.02112676056338028,0.02486346651336591,0.004886461626904283,2,0,1,0,-5,0
2025-12-17,8,93,248,215,11240,11796,0.01912811387900356,0.02206405693950178,0.008274021352313168,2,0,1,0,-5,0
2025-12-17,9,169,364,291,14303,15127,0.020345382087673915,0.02544920646018318,0.01181570299937076,2,0,1,0,-5,0
2025-12-17,10,206,509,299,16975,17989,0.017614138438880707,0.029985272459499265,0.012135493372606774,2,0,1,0,-5,0
2025-12-17,11,276,492,293,15052,16113,0.019465851714057934,0.03268668615466383,0.018336433696518734,2,0,1,0,-5,0
2025-12-17,12,192,405,303,15189,16089,0.019948647047205215,0.02666403318190796,0.012640726841793404,2,0,1,0,-5,0
2025-12-17,13,242,553,329,16962,18086,0.01939629760641434,0.03260228746610069,0.014267185473411154,2,0,1,0,-5,0
2025-12-17,14,212,546,314,16901,17973,0.018578782320572747,0.03230578072303414,0.01254363647121472,2,0,1,0,-5,0
2025-12-17,15,211,586,384,17839,19020,0.021525870284208756,0.0328493749649644,0.01182801726554179,2,0,1,0,-5,0
2025-12-17,16,244,587,351,17891,19073,0.019618802749986026,0.032809792633167516,0.013638142082611368,2,0,1,0,-5,0
2025-12-17,17,191,452,277,15602,16522,0.01775413408537367,0.0289706447891296,0.012242020253813614,2,0,1,0,-5,0
2025-12-17,18,138,428,371,17560,18497,0.02112756264236902,0.02437357630979499,0.00785876993166287,2,0,1,0,-5,0
2025-12-17,19,213,711,536,23614,25074,0.022698399254679428,0.030109257220293048,0.009020072838146861,2,0,1,0,-5,0
2025-12-17,20,289,849,502,28992,30632,0.017315121412803534,0.029283940397350994,0.009968267108167771,2,0,1,1,-5,0
2025-12-17,21,279,914,566,34304,36063,0.016499533582089554,0.02664412313432836,0.008133162313432836,2,0,1,1,-5,0
2025-12-17,22,253,951,573,32303,34080,0.01773829056124818,0.02943999009379934,0.007832089898771011,2,0,1,1,-5,0
2025-12-17,23,161,687,507,24116,25471,0.02102338696301211,0.028487311328578537,0.006676065682534417,2,0,1,1,-5,0
2025-12-18,0,45,281,333,13725,14384,0.024262295081967214,0.020473588342440802,0.003278688524590164,3,0,1,0,-6,0
2025-12-18,1,22,190,184,7767,8163,0.023689970387537014,0.024462469421913224,0.002832496459379426,3,0,1,0,-6,0
2025-12-18,2,29,115,110,4345,4599,0.02531645569620253,0.026467203682393557,0.0066743383199079406,3,0,1,0,-6,0
2025-12-18,3,14,64,30,2815,2923,0.010657193605683837,0.022735346358792183,0.00497335701598579,3,0,1,0,-6,0
2025-12-18,4,10,59,17,2281,2367,0.007452871547566856,0.025865848312143797,0.004384042086804033,3,0,1,0,-6,0
2025-12-18,5,9,45,38,2112,2204,0.017992424242424244,0.02130681818181818,0.004261363636363636,3,0,1,0,-6,0
2025-12-18,6,23,88,84,4561,4756,0.01841701381276036,0.019294014470510854,0.005042753782065337,3,0,1,0,-6,0
2025-12-18,7,33,179,155,8286,8653,0.01870625150856867,0.02160270335505672,0.0039826212889210715,3,0,1,0,-6,0
2025-12-18,8,112,311,153,11351,11927,0.013478988635362524,0.027398467095410096,0.009866972072945115,3,0,1,0,-6,0
2025-12-18,9,158,350,288,13611,14407,0.02115935640290941,0.025714495628535745,0.011608258026596135,3,0,1,0,-6,0
2025-12-18,10,206,520,335,16151,17212,0.020741749736858398,0.03219614884527274,0.012754628196396507,3,0,1,0,-6,0
2025-12-18,11,286,483,384,15497,16650,0.024778989481835195,0.03116732270762083,0.018455184874491836,3,0,1,0,-6,0
2025-12-18,12,232,563,298,16244,17337,0.01834523516375277,0.034658950997291306,0.014282196503324305,3,0,1,0,-6,0
2025-12-18,13,212,466,378,16988,18044,0.022251000706380974,0.02743112785495644,0.012479397221568166,3,0,1,0,-6,0
2025-12-18,14,232,454,360,17003,18049,0.021172734223372347,0.026701170381697347,0.013644650943951068,3,0,1,0,-6,0
2025-12-18,15,236,502,479,16527,17744,0.028982876505112845,0.030374538633750833,0.014279663580807164,3,0,1,0,-6,0
2025-12-18,16,256,479,331,17795,18861,0.01860073054228716,0.0269176735037932,0.014386063500983422,3,0,1,0,-6,0
2025-12-18,17,171,418,322,15102,16013,0.02132167924778175,0.027678453185008608,0.01132300357568534,3,0,1,0,-6,0
2025-12-18,18,148,483,325,16106,17062,0.0201788153483174,0.029988824040730163,0.009189122066310692,3,0,1,0,-6,0
2025-12-18,19,169,511,475,20849,22004,0.02278286728380258,0.024509568804259196,0.00810590435992134,3,0,1,0,-6,0
2025-12-18,20,249,779,464,28735,30227,0.016147555246215417,0.02710979641552114,0.00866539063859405,3,0,1,1,-6,0
2025-12-18,21,259,885,712,32728,34584,0.021755072109508677,0.027041065754094352,0.007913713028599365,3,0,1,1,-6,0
2025-12-18,22,248,844,681,31418,33191,0.021675472658985295,0.026863581386466356,0.007893564198866892,3,0,1,1,-6,0
2025-12-18,23,227,756,504,22749,24236,0.022154819992087564,0.03323222998813135,0.009978460591674359,3,0,1,1,-6,0
